solute_smiles_canonical,solvent_smiles_canonical,solute_inchi,solute_smiles,solute_name,solvent_inchi,solvent_smiles,solvent_name,Temperature [K],Solubility,Solubility_units,source,Dataset,solute_MW,solvent_MW,solvent_density,solvent_density_warning,warning,logS,mole_fraction,dHfus_pred,dHfus_std,MP_pred,MP_std,ln_gamma_pred_i10,ln_gamma_std_i10,logS_calc_i10_PT,logS_calc_i0_PT,logS_calc_i0_FT,logS_calc_i10_FT,gamma,gamma_std
CC(C(=O)O)c1cccc(C(=O)c2ccccc2)c1,Cc1ccccc1,"InChI=1/C16H14O3/c1-11(16(18)19)13-8-5-9-14(10-13)15(17)12-6-3-2-4-7-12/h2-11H,1H3,(H,18,19)/f/h18H",CC(C1=CC(=CC=C1)C(=O)C2=CC=CC=C2)C(=O)O,Ketoprofen,"InChI=1/C7H8/c1-7-5-3-2-4-6-7/h2-6H,1H3",CC1=CC=CC=C1,toluene,278.15,0.00762,mole fraction,doi:10.1016/j.ijpharm.2020.119686 ,CombiSoluExp,254.0942943,92.06260026,9.572135342419378,Dippr Inchi match,,-1.133714201,0.00762,6.7890077,0.09940113,358.5078,4.5282516,2.7235572,0.28761396,-1.720867088,-1.76767482,-1.48234456,-1.397451631,2.7235575,0.28761378
CC(C(=O)O)c1cccc(C(=O)c2ccccc2)c1,CC#N,"InChI=1/C16H14O3/c1-11(16(18)19)13-8-5-9-14(10-13)15(17)12-6-3-2-4-7-12/h2-11H,1H3,(H,18,19)/f/h18H",CC(C1=CC(=CC=C1)C(=O)C2=CC=CC=C2)C(=O)O,Ketoprofen,InChI=1/C2H3N/c1-2-3/h1H3,CC#N,acetonitrile,298.15,0.03301,mole fraction,doi:10.1016/j.ijpharm.2020.119686 ,CombiSoluExp,254.0942943,41.0265491,18.94362961504944,Dippr Inchi match,,-0.189313265,0.03301,6.789008,0.0994011,358.5078,4.5282516,0.7582197,0.06617601,0.2047383182459329,0.010593866,-0.005999764,0.110357612,0.7582197,0.06617598
CC(C(=O)O)c1cccc(C(=O)c2ccccc2)c1,CC#N,"InChI=1/C16H14O3/c1-11(16(18)19)13-8-5-9-14(10-13)15(17)12-6-3-2-4-7-12/h2-11H,1H3,(H,18,19)/f/h18H",CC(C1=CC(=CC=C1)C(=O)C2=CC=CC=C2)C(=O)O,Ketoprofen,InChI=1/C2H3N/c1-2-3/h1H3,CC#N,acetonitrile,278.15,0.0121,mole fraction,doi:10.1016/j.ijpharm.2020.119686 ,CombiSoluExp,254.0942943,41.0265491,19.426196894518693,Dippr Inchi match,,-0.623539829,0.0121,6.7890077,0.09940113,358.5078,4.5282516,1.0247873,0.15836869,-0.30496451,-0.403928276,-0.423004267,-0.352306322,1.0247872,0.1583687
CC(C(=O)O)c1cccc(C(=O)c2ccccc2)c1,CC#N,"InChI=1/C16H14O3/c1-11(16(18)19)13-8-5-9-14(10-13)15(17)12-6-3-2-4-7-12/h2-11H,1H3,(H,18,19)/f/h18H",CC(C1=CC(=CC=C1)C(=O)C2=CC=CC=C2)C(=O)O,Ketoprofen,InChI=1/C2H3N/c1-2-3/h1H3,CC#N,acetonitrile,288.15,0.019,mole fraction,doi:10.1016/j.ijpharm.2020.119686 ,CombiSoluExp,254.0942943,41.0265491,19.18692712,Dippr Inchi match,,-0.429909981,0.019,6.789008,0.0994011,358.5078,4.5282516,0.9187912,0.09527114,-0.057415319,-0.189159936,-0.206844919,-0.126536342,0.9187914,0.095271185
CC(C(=O)O)c1cccc(C(=O)c2ccccc2)c1,CC(C)O,"InChI=1/C16H14O3/c1-11(16(18)19)13-8-5-9-14(10-13)15(17)12-6-3-2-4-7-12/h2-11H,1H3,(H,18,19)/f/h18H",CC(C1=CC(=CC=C1)C(=O)C2=CC=CC=C2)C(=O)O,Ketoprofen,"InChI=1/C3H8O/c1-3(2)4/h3-4H,1-2H3",CC(C)O,2-propanol,293.15,0.0864,mole fraction,doi:10.1016/j.ijpharm.2020.119686 ,CombiSoluExp,254.0942943,60.05751488,13.091120889360884,Dippr Inchi match,,0.092734485,0.0864,6.789008,0.0994011,358.5078,4.5282397,-0.21457484,0.14137268,0.3650735587055809,0.3384262063975775,0.2695216157343439,0.287472939,-0.21457489,0.14137271
CC(C(=O)O)c1cccc(C(=O)c2ccccc2)c1,CC#N,"InChI=1/C16H14O3/c1-11(16(18)19)13-8-5-9-14(10-13)15(17)12-6-3-2-4-7-12/h2-11H,1H3,(H,18,19)/f/h18H",CC(C1=CC(=CC=C1)C(=O)C2=CC=CC=C2)C(=O)O,Ketoprofen,InChI=1/C2H3N/c1-2-3/h1H3,CC#N,acetonitrile,273.15,0.0096,mole fraction,doi:10.1016/j.ijpharm.2020.119686 ,CombiSoluExp,254.0942943,41.0265491,19.54439752653545,Dippr Inchi match,,-0.722517111,0.0096,6.7890077,0.09940113,358.5078,4.5282516,1.0790546,0.1858177,-0.428928606,-0.520351245,-0.539785343,-0.470882072,1.0790548,0.18581769
CC(C(=O)O)c1cccc(C(=O)c2ccccc2)c1,Cc1ccccc1,"InChI=1/C16H14O3/c1-11(16(18)19)13-8-5-9-14(10-13)15(17)12-6-3-2-4-7-12/h2-11H,1H3,(H,18,19)/f/h18H",CC(C1=CC(=CC=C1)C(=O)C2=CC=CC=C2)C(=O)O,Ketoprofen,"InChI=1/C7H8/c1-7-5-3-2-4-6-7/h2-6H,1H3",CC1=CC=CC=C1,toluene,288.15,0.0135,mole fraction,doi:10.1016/j.ijpharm.2020.119686 ,CombiSoluExp,254.0942943,92.06260026,9.474834821462435,Dippr Inchi match,,-0.887191674,0.0135,6.789008,0.0994011,358.5078,4.5282516,2.3760674,0.3194485,-1.423290432,-1.513311682,-1.239013711,-1.065857188,2.3760672,0.3194484
CC(C(=O)O)c1cccc(C(=O)c2ccccc2)c1,CC#N,"InChI=1/C16H14O3/c1-11(16(18)19)13-8-5-9-14(10-13)15(17)12-6-3-2-4-7-12/h2-11H,1H3,(H,18,19)/f/h18H",CC(C1=CC(=CC=C1)C(=O)C2=CC=CC=C2)C(=O)O,Ketoprofen,InChI=1/C2H3N/c1-2-3/h1H3,CC#N,acetonitrile,283.15,0.0146,mole fraction,doi:10.1016/j.ijpharm.2020.119686 ,CombiSoluExp,254.0942943,41.0265491,19.307049862592937,Dippr Inchi match,,-0.543543784,0.0146,6.7890077,0.09940113,358.5078,4.5282516,0.9755354,0.12888965,-0.183726509,-0.294136299,-0.312585488,-0.239394517,0.9755354,0.12888965
CC(C(=O)O)c1cccc(C(=O)c2ccccc2)c1,Cc1ccccc1,"InChI=1/C16H14O3/c1-11(16(18)19)13-8-5-9-14(10-13)15(17)12-6-3-2-4-7-12/h2-11H,1H3,(H,18,19)/f/h18H",CC(C1=CC(=CC=C1)C(=O)C2=CC=CC=C2)C(=O)O,Ketoprofen,"InChI=1/C7H8/c1-7-5-3-2-4-6-7/h2-6H,1H3",CC1=CC=CC=C1,toluene,293.15,0.0185,mole fraction,doi:10.1016/j.ijpharm.2020.119686 ,CombiSoluExp,254.0942943,92.06260026,9.425712348,Dippr Inchi match,,-0.750404394,0.0185,6.7890077,0.09940113,358.5078,4.5282516,2.179913,0.29183027,-1.26015138,-1.390241936,-1.121638567,-0.895102589,2.179913,0.29183027
CC(C(=O)O)c1cccc(C(=O)c2ccccc2)c1,CCO,"InChI=1/C16H14O3/c1-11(16(18)19)13-8-5-9-14(10-13)15(17)12-6-3-2-4-7-12/h2-11H,1H3,(H,18,19)/f/h18H",CC(C1=CC(=CC=C1)C(=O)C2=CC=CC=C2)C(=O)O,Ketoprofen,"InChI=1/C2H6O/c1-2-3/h3H,2H2,1H3",CCO,ethanol,288.15,0.0834,mole fraction,doi:10.1016/j.ijpharm.2020.119686 ,CombiSoluExp,254.0942943,46.04186481,17.25036824782654,Dippr Inchi match,,0.1957845682276561,0.0834,6.7890077,0.09940113,358.5078,4.5282516,-0.14602979,0.19804946,0.3881190062671253,0.3244306841374247,0.2240454761618562,0.2897024249690217,-0.14602982,0.1980495
CC(C(=O)O)c1cccc(C(=O)c2ccccc2)c1,CCOC(C)=O,"InChI=1/C16H14O3/c1-11(16(18)19)13-8-5-9-14(10-13)15(17)12-6-3-2-4-7-12/h2-11H,1H3,(H,18,19)/f/h18H",CC(C1=CC(=CC=C1)C(=O)C2=CC=CC=C2)C(=O)O,Ketoprofen,"InChI=1/C4H8O2/c1-3-6-4(2)5/h3H2,1-2H3",CCOC(=O)C,ethyl acetate,298.15,0.0955,mole fraction,doi:10.1016/j.ijpharm.2020.119686 ,CombiSoluExp,254.0942943,88.0524295,10.142615554960985,Dippr Inchi match,,0.029744765,0.0955,6.7890077,0.09940113,358.5078,4.5282516,-0.42564926,0.14323606,0.3937708837939144,0.6604532030944321,0.6367479722879744,0.353192182,-0.42564926,0.14323604
CC(C(=O)O)c1cccc(C(=O)c2ccccc2)c1,CC(C)O,"InChI=1/C16H14O3/c1-11(16(18)19)13-8-5-9-14(10-13)15(17)12-6-3-2-4-7-12/h2-11H,1H3,(H,18,19)/f/h18H",CC(C1=CC(=CC=C1)C(=O)C2=CC=CC=C2)C(=O)O,Ketoprofen,"InChI=1/C3H8O/c1-3(2)4/h3-4H,1-2H3",CC(C)O,2-propanol,303.15,0.1548,mole fraction,doi:10.1016/j.ijpharm.2020.119686 ,CombiSoluExp,254.0942943,60.05751488,12.92780493661918,Dippr Inchi match,,0.3743362585204826,0.1548,6.7890077,0.09940113,358.5078,4.5282407,-0.15595058,0.10077011,0.4918155525531721,0.5031681416493138,0.43038373,0.423516163,-0.15595058,0.100770086
CC(C(=O)O)c1cccc(C(=O)c2ccccc2)c1,Cc1ccccc1,"InChI=1/C16H14O3/c1-11(16(18)19)13-8-5-9-14(10-13)15(17)12-6-3-2-4-7-12/h2-11H,1H3,(H,18,19)/f/h18H",CC(C1=CC(=CC=C1)C(=O)C2=CC=CC=C2)C(=O)O,Ketoprofen,"InChI=1/C7H8/c1-7-5-3-2-4-6-7/h2-6H,1H3",CC1=CC=CC=C1,toluene,273.15,0.006,mole fraction,doi:10.1016/j.ijpharm.2020.119686 ,CombiSoluExp,254.0942943,92.06260026,9.620329706,Dippr Inchi match,,-1.236045178,0.006,6.789008,0.0994011,358.5078,4.5282545,2.8438694,0.27798706,-1.86385652,-1.897754403,-1.606461258,-1.545163699,2.8438697,0.27798712
CC(C(=O)O)c1cccc(C(=O)c2ccccc2)c1,CC#N,"InChI=1/C16H14O3/c1-11(16(18)19)13-8-5-9-14(10-13)15(17)12-6-3-2-4-7-12/h2-11H,1H3,(H,18,19)/f/h18H",CC(C1=CC(=CC=C1)C(=O)C2=CC=CC=C2)C(=O)O,Ketoprofen,InChI=1/C2H3N/c1-2-3/h1H3,CC#N,acetonitrile,293.15,0.0249,mole fraction,doi:10.1016/j.ijpharm.2020.119686 ,CombiSoluExp,254.0942943,41.0265491,19.065797839829656,Dippr Inchi match,,-0.312594826,0.0249,6.7890077,0.09940113,358.5078,4.5282545,0.83999175,0.069514975,0.075011251,-0.086701784,-0.10391119,-0.007241362,0.8399919,0.069515005
CC(C(=O)O)c1cccc(C(=O)c2ccccc2)c1,CCO,"InChI=1/C16H14O3/c1-11(16(18)19)13-8-5-9-14(10-13)15(17)12-6-3-2-4-7-12/h2-11H,1H3,(H,18,19)/f/h18H",CC(C1=CC(=CC=C1)C(=O)C2=CC=CC=C2)C(=O)O,Ketoprofen,"InChI=1/C2H6O/c1-2-3/h3H,2H2,1H3",CCO,ethanol,298.15,0.1391,mole fraction,doi:10.1016/j.ijpharm.2020.119686 ,CombiSoluExp,254.0942943,46.04186481,17.059085271058432,Dippr Inchi match,,0.4403301622306399,0.1391,6.7890077,0.09940113,358.5078,4.5282516,-0.12048336,0.13630156,0.5315498969724438,0.4928023429171982,0.391978937,0.446466094,-0.12048336,0.13630159
CC(C(=O)O)c1cccc(C(=O)c2ccccc2)c1,CO,"InChI=1/C16H14O3/c1-11(16(18)19)13-8-5-9-14(10-13)15(17)12-6-3-2-4-7-12/h2-11H,1H3,(H,18,19)/f/h18H",CC(C1=CC(=CC=C1)C(=O)C2=CC=CC=C2)C(=O)O,Ketoprofen,"InChI=1/CH4O/c1-2/h2H,1H3",CO,methanol,303.15,0.192,mole fraction,doi:10.1016/j.ijpharm.2020.119686 ,CombiSoluExp,254.0942943,32.02621475,24.492527097920075,Dippr Inchi match,,0.7649234651427189,0.192,6.789008,0.0994011,358.5078,4.5282435,0.018295001,0.084744155,0.733648401,0.6308799752284509,0.5213905662234382,0.6253510434310119,0.018295009,0.084744096
CC(C(=O)O)c1cccc(C(=O)c2ccccc2)c1,Cc1ccccc1,"InChI=1/C16H14O3/c1-11(16(18)19)13-8-5-9-14(10-13)15(17)12-6-3-2-4-7-12/h2-11H,1H3,(H,18,19)/f/h18H",CC(C1=CC(=CC=C1)C(=O)C2=CC=CC=C2)C(=O)O,Ketoprofen,"InChI=1/C7H8/c1-7-5-3-2-4-6-7/h2-6H,1H3",CC1=CC=CC=C1,toluene,298.15,0.0254,mole fraction,doi:10.1016/j.ijpharm.2020.119686 ,CombiSoluExp,254.0942943,92.06260026,9.376263591758471,Dippr Inchi match,,-0.611962882,0.0254,6.7890077,0.09940113,358.5078,4.5282397,2.0034804,0.2433293,-1.089628948,-1.271284145,-1.008234145,-0.735885594,2.0034807,0.24332948
CC(C(=O)O)c1cccc(C(=O)c2ccccc2)c1,CC#N,"InChI=1/C16H14O3/c1-11(16(18)19)13-8-5-9-14(10-13)15(17)12-6-3-2-4-7-12/h2-11H,1H3,(H,18,19)/f/h18H",CC(C1=CC(=CC=C1)C(=O)C2=CC=CC=C2)C(=O)O,Ketoprofen,InChI=1/C2H3N/c1-2-3/h1H3,CC#N,acetonitrile,303.15,0.0432,mole fraction,doi:10.1016/j.ijpharm.2020.119686 ,CombiSoluExp,254.0942943,41.0265491,18.82038829584392,Dippr Inchi match,,-0.07070884,0.0432,6.7890077,0.09940113,358.5078,4.5282516,0.6898451,0.06220554,0.3237968992242925,0.1019590690408277,0.086278437,0.2192955298550166,0.6898451,0.062205587
CC(C(=O)O)c1cccc(C(=O)c2ccccc2)c1,CCO,"InChI=1/C16H14O3/c1-11(16(18)19)13-8-5-9-14(10-13)15(17)12-6-3-2-4-7-12/h2-11H,1H3,(H,18,19)/f/h18H",CC(C1=CC(=CC=C1)C(=O)C2=CC=CC=C2)C(=O)O,Ketoprofen,"InChI=1/C2H6O/c1-2-3/h3H,2H2,1H3",CCO,ethanol,283.15,0.0634,mole fraction,doi:10.1016/j.ijpharm.2020.119686 ,CombiSoluExp,254.0942943,46.04186481,17.344354693728217,Dippr Inchi match,,0.069693251,0.0634,6.7890077,0.09940113,358.5078,4.5282397,-0.13115986,0.212464,0.306157992,0.2370063973280612,0.1346153815262164,0.1946793509877595,-0.13115981,0.21246402
CC(C(=O)O)c1cccc(C(=O)c2ccccc2)c1,Cc1ccccc1,"InChI=1/C16H14O3/c1-11(16(18)19)13-8-5-9-14(10-13)15(17)12-6-3-2-4-7-12/h2-11H,1H3,(H,18,19)/f/h18H",CC(C1=CC(=CC=C1)C(=O)C2=CC=CC=C2)C(=O)O,Ketoprofen,"InChI=1/C7H8/c1-7-5-3-2-4-6-7/h2-6H,1H3",CC1=CC=CC=C1,toluene,283.15,0.0107,mole fraction,doi:10.1016/j.ijpharm.2020.119686 ,CombiSoluExp,254.0942943,92.06260026,9.523639709594391,Dippr Inchi match,,-0.987141274,0.0107,6.7890077,0.09940113,358.5078,4.5282516,2.5733318,0.29994032,-1.574217225,-1.639390431,-1.359601322,-1.240221655,2.573332,0.29994032
CC(C(=O)O)c1cccc(C(=O)c2ccccc2)c1,CCCCO,"InChI=1/C16H14O3/c1-11(16(18)19)13-8-5-9-14(10-13)15(17)12-6-3-2-4-7-12/h2-11H,1H3,(H,18,19)/f/h18H",CC(C1=CC(=CC=C1)C(=O)C2=CC=CC=C2)C(=O)O,Ketoprofen,"InChI=1/C4H10O/c1-2-3-4-5/h5H,2-4H2,1H3",CCCCO,butanol,288.15,0.0612,mole fraction,doi:10.1016/j.ijpharm.2020.119686 ,CombiSoluExp,254.0942943,74.07316494,10.959785340260233,Dippr Inchi match,,-0.146019611,0.0612,6.789008,0.0994011,358.5078,4.5282407,-0.19621818,0.23562884,0.1644215146173774,0.080727804,0.059334909,0.1145026444306552,-0.19621816,0.23562889
CC(C(=O)O)c1cccc(C(=O)c2ccccc2)c1,CCO,"InChI=1/C16H14O3/c1-11(16(18)19)13-8-5-9-14(10-13)15(17)12-6-3-2-4-7-12/h2-11H,1H3,(H,18,19)/f/h18H",CC(C1=CC(=CC=C1)C(=O)C2=CC=CC=C2)C(=O)O,Ketoprofen,"InChI=1/C2H6O/c1-2-3/h3H,2H2,1H3",CCO,ethanol,303.15,0.1693,mole fraction,doi:10.1016/j.ijpharm.2020.119686 ,CombiSoluExp,254.0942943,46.04186481,16.961705155201866,Dippr Inchi match,,0.5386822572548771,0.1693,6.7890077,0.09940113,358.5078,4.5282516,-0.09084296,0.09777093,0.5916486490977677,0.5728931843094782,0.4719909002742343,0.5131850045395336,-0.09084301,0.09777099
CC(C(=O)O)c1cccc(C(=O)c2ccccc2)c1,CC(C)O,"InChI=1/C16H14O3/c1-11(16(18)19)13-8-5-9-14(10-13)15(17)12-6-3-2-4-7-12/h2-11H,1H3,(H,18,19)/f/h18H",CC(C1=CC(=CC=C1)C(=O)C2=CC=CC=C2)C(=O)O,Ketoprofen,"InChI=1/C3H8O/c1-3(2)4/h3-4H,1-2H3",CC(C)O,2-propanol,273.15,0.023,mole fraction,doi:10.1016/j.ijpharm.2020.119686 ,CombiSoluExp,254.0942943,60.05751488,13.40701647051859,Dippr Inchi match,,-0.500834585,0.023,6.7890077,0.09940113,358.5078,4.5282516,-0.2837306,0.123957224,0.041472765,-0.037346203,-0.098210826,-0.042722072,-0.28373057,0.12395723
CC(C(=O)O)c1cccc(C(=O)c2ccccc2)c1,CC(C)O,"InChI=1/C16H14O3/c1-11(16(18)19)13-8-5-9-14(10-13)15(17)12-6-3-2-4-7-12/h2-11H,1H3,(H,18,19)/f/h18H",CC(C1=CC(=CC=C1)C(=O)C2=CC=CC=C2)C(=O)O,Ketoprofen,"InChI=1/C3H8O/c1-3(2)4/h3-4H,1-2H3",CC(C)O,2-propanol,288.15,0.0618,mole fraction,doi:10.1016/j.ijpharm.2020.119686 ,CombiSoluExp,254.0942943,60.05751488,13.171387230758423,Dippr Inchi match,,-0.061675436,0.0618,6.789008,0.0994011,358.5078,4.5282516,-0.2605522,0.14341272,0.2931079339272629,0.2505158994007433,0.1835293813322469,0.2222720688254482,-0.26055223,0.14341274
CC(C(=O)O)c1cccc(C(=O)c2ccccc2)c1,CO,"InChI=1/C16H14O3/c1-11(16(18)19)13-8-5-9-14(10-13)15(17)12-6-3-2-4-7-12/h2-11H,1H3,(H,18,19)/f/h18H",CC(C1=CC(=CC=C1)C(=O)C2=CC=CC=C2)C(=O)O,Ketoprofen,"InChI=1/CH4O/c1-2/h2H,1H3",CO,methanol,283.15,0.0739,mole fraction,doi:10.1016/j.ijpharm.2020.119686 ,CombiSoluExp,254.0942943,32.02621475,25.08452338213931,Dippr Inchi match,,0.301392408,0.0739,6.7890077,0.09940113,358.5078,4.5282516,0.17304222,0.24876712,0.3589422308616463,0.2820053633652516,0.1680953472841626,0.222813774,0.17304221,0.2487672
CC(C(=O)O)c1cccc(C(=O)c2ccccc2)c1,CCCCO,"InChI=1/C16H14O3/c1-11(16(18)19)13-8-5-9-14(10-13)15(17)12-6-3-2-4-7-12/h2-11H,1H3,(H,18,19)/f/h18H",CC(C1=CC(=CC=C1)C(=O)C2=CC=CC=C2)C(=O)O,Ketoprofen,"InChI=1/C4H10O/c1-2-3-4-5/h5H,2-4H2,1H3",CCCCO,butanol,273.15,0.03,mole fraction,doi:10.1016/j.ijpharm.2020.119686 ,CombiSoluExp,254.0942943,74.07316494,11.124741604019762,Dippr Inchi match,,-0.463360547,0.03,6.789008,0.0994011,358.5078,4.5282407,-0.16568576,0.24321212,-0.136857022,-0.196577656,-0.218684247,-0.175030561,-0.16568573,0.2432121
CC(C(=O)O)c1cccc(C(=O)c2ccccc2)c1,Cc1ccccc1,"InChI=1/C16H14O3/c1-11(16(18)19)13-8-5-9-14(10-13)15(17)12-6-3-2-4-7-12/h2-11H,1H3,(H,18,19)/f/h18H",CC(C1=CC(=CC=C1)C(=O)C2=CC=CC=C2)C(=O)O,Ketoprofen,"InChI=1/C7H8/c1-7-5-3-2-4-6-7/h2-6H,1H3",CC1=CC=CC=C1,toluene,303.15,0.034,mole fraction,doi:10.1016/j.ijpharm.2020.119686 ,CombiSoluExp,254.0942943,92.06260026,9.32647947,Dippr Inchi match,,-0.483780471,0.034,6.789008,0.0994011,358.5078,4.528252,1.7382867,0.17795083,-0.925816032,-1.155643256,-0.898976217,-0.5409477,1.7382867,0.17795083
CC(C(=O)O)c1cccc(C(=O)c2ccccc2)c1,CC(C)O,"InChI=1/C16H14O3/c1-11(16(18)19)13-8-5-9-14(10-13)15(17)12-6-3-2-4-7-12/h2-11H,1H3,(H,18,19)/f/h18H",CC(C1=CC(=CC=C1)C(=O)C2=CC=CC=C2)C(=O)O,Ketoprofen,"InChI=1/C3H8O/c1-3(2)4/h3-4H,1-2H3",CC(C)O,2-propanol,278.15,0.037,mole fraction,doi:10.1016/j.ijpharm.2020.119686 ,CombiSoluExp,254.0942943,60.05751488,13.329304353395557,Dippr Inchi match,,-0.290617079,0.037,6.7890077,0.09940113,358.5078,4.5282407,-0.30007347,0.12742406,0.1392649990368018,0.062406854,-0.000616535,0.059493155,-0.30007347,0.12742406
CC(C(=O)O)c1cccc(C(=O)c2ccccc2)c1,CCO,"InChI=1/C16H14O3/c1-11(16(18)19)13-8-5-9-14(10-13)15(17)12-6-3-2-4-7-12/h2-11H,1H3,(H,18,19)/f/h18H",CC(C1=CC(=CC=C1)C(=O)C2=CC=CC=C2)C(=O)O,Ketoprofen,"InChI=1/C2H6O/c1-2-3/h3H,2H2,1H3",CCO,ethanol,273.15,0.04,mole fraction,doi:10.1016/j.ijpharm.2020.119686 ,CombiSoluExp,254.0942943,46.04186481,17.529208860122694,Dippr Inchi match,,-0.136448926,0.04,6.789008,0.0994011,358.5078,4.5282516,-0.09052319,0.22649144,0.1173825908190627,0.052450364,-0.055637236,-0.010200866,-0.09052314,0.22649144
CC(C(=O)O)c1cccc(C(=O)c2ccccc2)c1,CO,"InChI=1/C16H14O3/c1-11(16(18)19)13-8-5-9-14(10-13)15(17)12-6-3-2-4-7-12/h2-11H,1H3,(H,18,19)/f/h18H",CC(C1=CC(=CC=C1)C(=O)C2=CC=CC=C2)C(=O)O,Ketoprofen,"InChI=1/CH4O/c1-2/h2H,1H3",CO,methanol,273.15,0.044,mole fraction,doi:10.1016/j.ijpharm.2020.119686 ,CombiSoluExp,254.0942943,32.02621475,25.371040247555182,Dippr Inchi match,,0.067333058,0.044,6.789008,0.0994011,358.5078,4.5282526,0.2174638,0.29705736,0.1545866121971038,0.090282731,-0.024150317,0.016618096,0.21746376,0.2970573
CC(C(=O)O)c1cccc(C(=O)c2ccccc2)c1,CCOC(C)=O,"InChI=1/C16H14O3/c1-11(16(18)19)13-8-5-9-14(10-13)15(17)12-6-3-2-4-7-12/h2-11H,1H3,(H,18,19)/f/h18H",CC(C1=CC(=CC=C1)C(=O)C2=CC=CC=C2)C(=O)O,Ketoprofen,"InChI=1/C4H8O2/c1-3-6-4(2)5/h3H2,1-2H3",CCOC(=O)C,ethyl acetate,283.15,0.055,mole fraction,doi:10.1016/j.ijpharm.2020.119686 ,CombiSoluExp,254.0942943,88.0524295,10.340857504167664,Dippr Inchi match,,-0.220512565,0.055,6.7890077,0.09940113,358.5078,4.5282483,-0.6278496,0.13063945,0.2288486172036424,0.4440470589161333,0.4188314336300379,0.1857874124442752,-0.6278497,0.1306395
CC(C(=O)O)c1cccc(C(=O)c2ccccc2)c1,CCOC(C)=O,"InChI=1/C16H14O3/c1-11(16(18)19)13-8-5-9-14(10-13)15(17)12-6-3-2-4-7-12/h2-11H,1H3,(H,18,19)/f/h18H",CC(C1=CC(=CC=C1)C(=O)C2=CC=CC=C2)C(=O)O,Ketoprofen,"InChI=1/C4H8O2/c1-3-6-4(2)5/h3H2,1-2H3",CCOC(=O)C,ethyl acetate,288.15,0.066,mole fraction,doi:10.1016/j.ijpharm.2020.119686 ,CombiSoluExp,254.0942943,88.0524295,10.275372635407644,Dippr Inchi match,,-0.13900536,0.066,6.7890077,0.09940113,358.5078,4.5282407,-0.55701786,0.12647516,0.2870201869816305,0.5190111152041275,0.493345281,0.2431914891474915,-0.5570179,0.12647517
CC(C(=O)O)c1cccc(C(=O)c2ccccc2)c1,CCCCO,"InChI=1/C16H14O3/c1-11(16(18)19)13-8-5-9-14(10-13)15(17)12-6-3-2-4-7-12/h2-11H,1H3,(H,18,19)/f/h18H",CC(C1=CC(=CC=C1)C(=O)C2=CC=CC=C2)C(=O)O,Ketoprofen,"InChI=1/C4H10O/c1-2-3-4-5/h5H,2-4H2,1H3",CCCCO,butanol,293.15,0.082,mole fraction,doi:10.1016/j.ijpharm.2020.119686 ,CombiSoluExp,254.0942943,74.07316494,10.903874544727064,Dippr Inchi match,,-0.011447983,0.082,6.7890077,0.09940113,358.5078,4.5282407,-0.19805685,0.18573092,0.2524876053181006,0.1670340827493082,0.1446219498971574,0.2009032772300012,-0.19805685,0.18573104
CC(C(=O)O)c1cccc(C(=O)c2ccccc2)c1,CCO,"InChI=1/C16H14O3/c1-11(16(18)19)13-8-5-9-14(10-13)15(17)12-6-3-2-4-7-12/h2-11H,1H3,(H,18,19)/f/h18H",CC(C1=CC(=CC=C1)C(=O)C2=CC=CC=C2)C(=O)O,Ketoprofen,"InChI=1/C2H6O/c1-2-3/h3H,2H2,1H3",CCO,ethanol,293.15,0.109,mole fraction,doi:10.1016/j.ijpharm.2020.119686 ,CombiSoluExp,254.0942943,46.04186481,17.155291954151675,Dippr Inchi match,,0.321946907,0.109,6.7890077,0.09940113,358.5078,4.5282407,-0.13589603,0.17081665,0.4656194634445069,0.4099827129016049,0.3095798765816094,0.3707244028054027,-0.13589604,0.17081673
CC(C(=O)O)c1cccc(C(=O)c2ccccc2)c1,CC(C)O,"InChI=1/C16H14O3/c1-11(16(18)19)13-8-5-9-14(10-13)15(17)12-6-3-2-4-7-12/h2-11H,1H3,(H,18,19)/f/h18H",CC(C1=CC(=CC=C1)C(=O)C2=CC=CC=C2)C(=O)O,Ketoprofen,"InChI=1/C3H8O/c1-3(2)4/h3-4H,1-2H3",CC(C)O,2-propanol,298.15,0.12,mole fraction,doi:10.1016/j.ijpharm.2020.119686 ,CombiSoluExp,254.0942943,60.05751488,13.009938665300664,Dippr Inchi match,,0.2489738230044489,0.12,6.7890077,0.09940113,358.5078,4.5282516,-0.18631873,0.11481356,0.4335925724365388,0.4226298130803386,0.3517197976222662,0.3573775384025423,-0.18631867,0.114813626
CC(C(=O)O)c1cccc(C(=O)c2ccccc2)c1,CO,"InChI=1/C16H14O3/c1-11(16(18)19)13-8-5-9-14(10-13)15(17)12-6-3-2-4-7-12/h2-11H,1H3,(H,18,19)/f/h18H",CC(C1=CC(=CC=C1)C(=O)C2=CC=CC=C2)C(=O)O,Ketoprofen,"InChI=1/CH4O/c1-2/h2H,1H3",CO,methanol,293.15,0.129,mole fraction,doi:10.1016/j.ijpharm.2020.119686 ,CombiSoluExp,254.0942943,32.02621475,24.79183999356744,Dippr Inchi match,,0.5648803155970713,0.129,6.789008,0.0994011,358.5078,4.5282516,0.075458094,0.14554706,0.5638521785784305,0.4623930382216926,0.3489610356673793,0.4388451617451708,0.07545824,0.14554721
CC(C(=O)O)c1cccc(C(=O)c2ccccc2)c1,CCCCO,"InChI=1/C16H14O3/c1-11(16(18)19)13-8-5-9-14(10-13)15(17)12-6-3-2-4-7-12/h2-11H,1H3,(H,18,19)/f/h18H",CC(C1=CC(=CC=C1)C(=O)C2=CC=CC=C2)C(=O)O,Ketoprofen,"InChI=1/C4H10O/c1-2-3-4-5/h5H,2-4H2,1H3",CCCCO,butanol,278.15,0.042,mole fraction,doi:10.1016/j.ijpharm.2020.119686 ,CombiSoluExp,254.0942943,74.07316494,11.07020562,Dippr Inchi match,,-0.313960531,0.042,6.789008,0.0994011,358.5078,4.5282516,-0.1874311,0.25326696,-0.031739946,-0.098428122,-0.120586919,-0.070078657,-0.1874311,0.2532669
CC(C(=O)O)c1cccc(C(=O)c2ccccc2)c1,CC(C)O,"InChI=1/C16H14O3/c1-11(16(18)19)13-8-5-9-14(10-13)15(17)12-6-3-2-4-7-12/h2-11H,1H3,(H,18,19)/f/h18H",CC(C1=CC(=CC=C1)C(=O)C2=CC=CC=C2)C(=O)O,Ketoprofen,"InChI=1/C3H8O/c1-3(2)4/h3-4H,1-2H3",CC(C)O,2-propanol,283.15,0.044,mole fraction,doi:10.1016/j.ijpharm.2020.119686 ,CombiSoluExp,254.0942943,60.05751488,13.250771197519398,Dippr Inchi match,,-0.214764061,0.044,6.7890077,0.09940113,358.5078,4.5282407,-0.2917401,0.1453405,0.2219224337598886,0.1589300688315023,0.093860122,0.1475015173613205,-0.2917401,0.1453405
CC(C(=O)O)c1cccc(C(=O)c2ccccc2)c1,CCOC(C)=O,"InChI=1/C16H14O3/c1-11(16(18)19)13-8-5-9-14(10-13)15(17)12-6-3-2-4-7-12/h2-11H,1H3,(H,18,19)/f/h18H",CC(C1=CC(=CC=C1)C(=O)C2=CC=CC=C2)C(=O)O,Ketoprofen,"InChI=1/C4H8O2/c1-3-6-4(2)5/h3H2,1-2H3",CCOC(=O)C,ethyl acetate,273.15,0.045,mole fraction,doi:10.1016/j.ijpharm.2020.119686 ,CombiSoluExp,254.0942943,88.0524295,10.47013865326488,Dippr Inchi match,,-0.306838425,0.045,6.7890077,0.09940113,358.5078,4.5282516,-0.77165717,0.13644661,0.1061334915170038,0.2801916226354116,0.2548134852401921,0.061802036,-0.7716571,0.13644654
CC(C(=O)O)c1cccc(C(=O)c2ccccc2)c1,CCCCO,"InChI=1/C16H14O3/c1-11(16(18)19)13-8-5-9-14(10-13)15(17)12-6-3-2-4-7-12/h2-11H,1H3,(H,18,19)/f/h18H",CC(C1=CC(=CC=C1)C(=O)C2=CC=CC=C2)C(=O)O,Ketoprofen,"InChI=1/C4H10O/c1-2-3-4-5/h5H,2-4H2,1H3",CCCCO,butanol,283.15,0.048,mole fraction,doi:10.1016/j.ijpharm.2020.119686 ,CombiSoluExp,254.0942943,74.07316494,11.015224512061671,Dippr Inchi match,,-0.255402358,0.048,6.789008,0.0994011,358.5078,4.5282407,-0.19521213,0.26795906,0.066828875,-0.006031062,-0.027440272,0.025332154,-0.1952121,0.26795906
CC(C(=O)O)c1cccc(C(=O)c2ccccc2)c1,CCOC(C)=O,"InChI=1/C16H14O3/c1-11(16(18)19)13-8-5-9-14(10-13)15(17)12-6-3-2-4-7-12/h2-11H,1H3,(H,18,19)/f/h18H",CC(C1=CC(=CC=C1)C(=O)C2=CC=CC=C2)C(=O)O,Ketoprofen,"InChI=1/C4H8O2/c1-3-6-4(2)5/h3H2,1-2H3",CCOC(=O)C,ethyl acetate,278.15,0.05,mole fraction,doi:10.1016/j.ijpharm.2020.119686 ,CombiSoluExp,254.0942943,88.0524295,10.405773280410214,Dippr Inchi match,,-0.261479242,0.05,6.7890077,0.09940113,358.5078,4.5282516,-0.7007328,0.13364527,0.1683750217382622,0.3647947983633554,0.3393696,0.1259641760470107,-0.700733,0.13364516
CC(C(=O)O)c1cccc(C(=O)c2ccccc2)c1,CO,"InChI=1/C16H14O3/c1-11(16(18)19)13-8-5-9-14(10-13)15(17)12-6-3-2-4-7-12/h2-11H,1H3,(H,18,19)/f/h18H",CC(C1=CC(=CC=C1)C(=O)C2=CC=CC=C2)C(=O)O,Ketoprofen,"InChI=1/CH4O/c1-2/h2H,1H3",CO,methanol,278.15,0.059,mole fraction,doi:10.1016/j.ijpharm.2020.119686 ,CombiSoluExp,254.0942943,32.02621475,25.22852575,Dippr Inchi match,,0.1991542611013103,0.059,6.7890077,0.09940113,358.5078,4.5282516,0.20229697,0.27789956,0.2574999260265412,0.1877047383304358,0.073498564,0.1184008307198708,0.20229697,0.27789962
CC(C(=O)O)c1cccc(C(=O)c2ccccc2)c1,CCOC(C)=O,"InChI=1/C16H14O3/c1-11(16(18)19)13-8-5-9-14(10-13)15(17)12-6-3-2-4-7-12/h2-11H,1H3,(H,18,19)/f/h18H",CC(C1=CC(=CC=C1)C(=O)C2=CC=CC=C2)C(=O)O,Ketoprofen,"InChI=1/C4H8O2/c1-3-6-4(2)5/h3H2,1-2H3",CCOC(=O)C,ethyl acetate,303.15,0.112,mole fraction,doi:10.1016/j.ijpharm.2020.119686 ,CombiSoluExp,254.0942943,88.0524295,10.075300399402444,Dippr Inchi match,,0.1040630605740021,0.112,6.7890077,0.09940113,358.5078,4.5282516,-0.34752136,0.124197386,0.4307754294101815,0.7278271926317512,0.7059251783785871,0.3984474790118739,-0.34752136,0.124197364
CC(C(=O)O)c1cccc(C(=O)c2ccccc2)c1,C1COCCO1,"InChI=1/C16H14O3/c1-11(16(18)19)13-8-5-9-14(10-13)15(17)12-6-3-2-4-7-12/h2-11H,1H3,(H,18,19)/f/h18H",CC(C1=CC(=CC=C1)C(=O)C2=CC=CC=C2)C(=O)O,Ketoprofen,InChI=1/C4H8O2/c1-2-6-4-3-5-1/h1-4H2,C1COCCO1,"1,4-dioxane",273.15,0.176,mole fraction,doi:10.1016/j.ijpharm.2020.119686 ,CombiSoluExp,254.0942943,88.0524295,11.983176512336383,Dippr Inchi match,,0.4081574126442895,0.176,6.7890077,0.09940113,358.5078,4.5282397,-0.9774992,0.10040822,0.288232242,0.4375405917820187,0.3485119128278642,0.2098176125865713,-0.9774992,0.10040815
CC(C(=O)O)c1cccc(C(=O)c2ccccc2)c1,C1COCCO1,"InChI=1/C16H14O3/c1-11(16(18)19)13-8-5-9-14(10-13)15(17)12-6-3-2-4-7-12/h2-11H,1H3,(H,18,19)/f/h18H",CC(C1=CC(=CC=C1)C(=O)C2=CC=CC=C2)C(=O)O,Ketoprofen,InChI=1/C4H8O2/c1-2-6-4-3-5-1/h1-4H2,C1COCCO1,"1,4-dioxane",288.15,0.221,mole fraction,doi:10.1016/j.ijpharm.2020.119686 ,CombiSoluExp,254.0942943,88.0524295,11.79859739996232,Dippr Inchi match,,0.524685198,0.221,6.7890077,0.09940113,358.5078,4.5282516,-0.73949087,0.09836616,0.4332136057885075,0.6670369499365649,0.5862285673107305,0.3824713094209624,-0.73949105,0.09836615
CC(C(=O)O)c1cccc(C(=O)c2ccccc2)c1,CCO,"InChI=1/C16H14O3/c1-11(16(18)19)13-8-5-9-14(10-13)15(17)12-6-3-2-4-7-12/h2-11H,1H3,(H,18,19)/f/h18H",CC(C1=CC(=CC=C1)C(=O)C2=CC=CC=C2)C(=O)O,Ketoprofen,"InChI=1/C2H6O/c1-2-3/h3H,2H2,1H3",CCO,ethanol,278.15,0.056,mole fraction,doi:10.1016/j.ijpharm.2020.119686 ,CombiSoluExp,254.0942943,46.04186481,17.437289528319237,Dippr Inchi match,,0.014695011,0.056,6.7890077,0.09940113,358.5078,4.5282507,-0.12663864,0.2060424,0.2128895515760803,0.1470459701954023,0.041523639,0.1008428560309819,-0.12663864,0.20604238
CC(C(=O)O)c1cccc(C(=O)c2ccccc2)c1,CCOC(C)=O,"InChI=1/C16H14O3/c1-11(16(18)19)13-8-5-9-14(10-13)15(17)12-6-3-2-4-7-12/h2-11H,1H3,(H,18,19)/f/h18H",CC(C1=CC(=CC=C1)C(=O)C2=CC=CC=C2)C(=O)O,Ketoprofen,"InChI=1/C4H8O2/c1-3-6-4(2)5/h3H2,1-2H3",CCOC(=O)C,ethyl acetate,293.15,0.08,mole fraction,doi:10.1016/j.ijpharm.2020.119686 ,CombiSoluExp,254.0942943,88.0524295,10.20929893977615,Dippr Inchi match,,-0.05170192,0.08,6.7890077,0.09940113,358.5078,4.5282526,-0.48869404,0.14239462,0.3448685087896758,0.5913714214849689,0.5660672144152764,0.2985404818851189,-0.488694,0.14239457
CC(C(=O)O)c1cccc(C(=O)c2ccccc2)c1,CO,"InChI=1/C16H14O3/c1-11(16(18)19)13-8-5-9-14(10-13)15(17)12-6-3-2-4-7-12/h2-11H,1H3,(H,18,19)/f/h18H",CC(C1=CC(=CC=C1)C(=O)C2=CC=CC=C2)C(=O)O,Ketoprofen,"InChI=1/CH4O/c1-2/h2H,1H3",CO,methanol,288.15,0.1,mole fraction,doi:10.1016/j.ijpharm.2020.119686 ,CombiSoluExp,254.0942943,32.02621475,24.93898016644265,Dippr Inchi match,,0.4426361803951698,0.1,6.7890077,0.09940113,358.5078,4.5282516,0.123634934,0.20905003,0.460888122,0.3732320897932417,0.2594526093699706,0.3326688445747808,0.12363496,0.20905016
CC(C(=O)O)c1cccc(C(=O)c2ccccc2)c1,CCCCO,"InChI=1/C16H14O3/c1-11(16(18)19)13-8-5-9-14(10-13)15(17)12-6-3-2-4-7-12/h2-11H,1H3,(H,18,19)/f/h18H",CC(C1=CC(=CC=C1)C(=O)C2=CC=CC=C2)C(=O)O,Ketoprofen,"InChI=1/C4H10O/c1-2-3-4-5/h5H,2-4H2,1H3",CCCCO,butanol,303.15,0.134,mole fraction,doi:10.1016/j.ijpharm.2020.119686 ,CombiSoluExp,254.0942943,74.07316494,10.79058048120728,Dippr Inchi match,,0.2226317146081448,0.134,6.789008,0.0994011,358.5078,4.52825,-0.14750236,0.10372519,0.392262917,0.3331708810654097,0.3077768788073552,0.3413671681581114,-0.14750244,0.10372519
CC(C(=O)O)c1cccc(C(=O)c2ccccc2)c1,C1COCCO1,"InChI=1/C16H14O3/c1-11(16(18)19)13-8-5-9-14(10-13)15(17)12-6-3-2-4-7-12/h2-11H,1H3,(H,18,19)/f/h18H",CC(C1=CC(=CC=C1)C(=O)C2=CC=CC=C2)C(=O)O,Ketoprofen,InChI=1/C4H8O2/c1-2-6-4-3-5-1/h1-4H2,C1COCCO1,"1,4-dioxane",283.15,0.204,mole fraction,doi:10.1016/j.ijpharm.2020.119686 ,CombiSoluExp,254.0942943,88.0524295,11.860505413479856,Dippr Inchi match,,0.4828202957660989,0.204,6.789008,0.0994011,358.5078,4.5282407,-0.82560885,0.101060204,0.3954403167875985,0.5938016963526331,0.509685139,0.3312197662062183,-0.8256089,0.10106025
CC(C(=O)O)c1cccc(C(=O)c2ccccc2)c1,C1COCCO1,"InChI=1/C16H14O3/c1-11(16(18)19)13-8-5-9-14(10-13)15(17)12-6-3-2-4-7-12/h2-11H,1H3,(H,18,19)/f/h18H",CC(C1=CC(=CC=C1)C(=O)C2=CC=CC=C2)C(=O)O,Ketoprofen,InChI=1/C4H8O2/c1-2-6-4-3-5-1/h1-4H2,C1COCCO1,"1,4-dioxane",293.15,0.248,mole fraction,doi:10.1016/j.ijpharm.2020.119686 ,CombiSoluExp,254.0942943,88.0524295,11.736293791298648,Dippr Inchi match,,0.5877648127759041,0.248,6.7890077,0.09940113,358.5078,4.5282397,-0.6291278,0.0946157,0.4707712220791765,0.7374329879208467,0.6594744950914275,0.4200651401813135,-0.62912786,0.09461573
CC(C(=O)O)c1cccc(C(=O)c2ccccc2)c1,CCCCO,"InChI=1/C16H14O3/c1-11(16(18)19)13-8-5-9-14(10-13)15(17)12-6-3-2-4-7-12/h2-11H,1H3,(H,18,19)/f/h18H",CC(C1=CC(=CC=C1)C(=O)C2=CC=CC=C2)C(=O)O,Ketoprofen,"InChI=1/C4H10O/c1-2-3-4-5/h5H,2-4H2,1H3",CCCCO,butanol,298.15,0.111,mole fraction,doi:10.1016/j.ijpharm.2020.119686 ,CombiSoluExp,254.0942943,74.07316494,10.847477902327748,Dippr Inchi match,,0.1317499919062945,0.111,6.7890077,0.09940113,358.5078,4.5282516,-0.18277583,0.13773492,0.3275092562000963,0.251275484,0.2275731329682991,0.2768923644060859,-0.18277583,0.13773496
CC(C(=O)O)c1cccc(C(=O)c2ccccc2)c1,C1COCCO1,"InChI=1/C16H14O3/c1-11(16(18)19)13-8-5-9-14(10-13)15(17)12-6-3-2-4-7-12/h2-11H,1H3,(H,18,19)/f/h18H",CC(C1=CC(=CC=C1)C(=O)C2=CC=CC=C2)C(=O)O,Ketoprofen,InChI=1/C4H8O2/c1-2-6-4-3-5-1/h1-4H2,C1COCCO1,"1,4-dioxane",278.15,0.19,mole fraction,doi:10.1016/j.ijpharm.2020.119686 ,CombiSoluExp,254.0942943,88.0524295,11.92202840714358,Dippr Inchi match,,0.4466187343815119,0.19,6.7890077,0.09940113,358.5078,4.5282516,-0.90112114,0.099796966,0.3476253861652655,0.516942916,0.4297001621333369,0.2720674544941326,-0.90112114,0.099797025
CC(C(=O)O)c1cccc(C(=O)c2ccccc2)c1,CO,"InChI=1/C16H14O3/c1-11(16(18)19)13-8-5-9-14(10-13)15(17)12-6-3-2-4-7-12/h2-11H,1H3,(H,18,19)/f/h18H",CC(C1=CC(=CC=C1)C(=O)C2=CC=CC=C2)C(=O)O,Ketoprofen,"InChI=1/CH4O/c1-2/h2H,1H3",CO,methanol,298.15,0.168,mole fraction,doi:10.1016/j.ijpharm.2020.119686 ,CombiSoluExp,254.0942943,32.02621475,24.64304336412591,Dippr Inchi match,,0.6968802966965346,0.168,6.7890077,0.09940113,358.5078,4.5282526,0.026458224,0.09976653,0.6481322530853275,0.549590851,0.4370829049763367,0.542388775,0.026458293,0.09976656
CC(C(=O)O)c1cccc(C(=O)c2ccccc2)c1,C1COCCO1,"InChI=1/C16H14O3/c1-11(16(18)19)13-8-5-9-14(10-13)15(17)12-6-3-2-4-7-12/h2-11H,1H3,(H,18,19)/f/h18H",CC(C1=CC(=CC=C1)C(=O)C2=CC=CC=C2)C(=O)O,Ketoprofen,InChI=1/C4H8O2/c1-2-6-4-3-5-1/h1-4H2,C1COCCO1,"1,4-dioxane",303.15,0.275,mole fraction,doi:10.1016/j.ijpharm.2020.119686 ,CombiSoluExp,254.0942943,88.0524295,11.610455101238308,Dippr Inchi match,,0.643843931,0.275,6.789008,0.0994011,358.5078,4.5282545,-0.44406033,0.092859246,0.5555834987428725,0.8737707409236625,0.7993360531899474,0.50196509,-0.44406047,0.09285925
CC(C(=O)O)c1cccc(C(=O)c2ccccc2)c1,C1COCCO1,"InChI=1/C16H14O3/c1-11(16(18)19)13-8-5-9-14(10-13)15(17)12-6-3-2-4-7-12/h2-11H,1H3,(H,18,19)/f/h18H",CC(C1=CC(=CC=C1)C(=O)C2=CC=CC=C2)C(=O)O,Ketoprofen,InChI=1/C4H8O2/c1-2-6-4-3-5-1/h1-4H2,C1COCCO1,"1,4-dioxane",298.15,0.26,mole fraction,doi:10.1016/j.ijpharm.2020.119686 ,CombiSoluExp,254.0942943,88.0524295,11.673583540890524,Dippr Inchi match,,0.6129458238852719,0.26,6.789008,0.0994011,358.5078,4.5282407,-0.5233843,0.09074956,0.5145500384383234,0.8074878482583898,0.731063047,0.4566921553265575,-0.52338445,0.090749465
CC(C(=O)O)c1cccc(C(=O)c2ccccc2)c1,CCO,"InChI=1/C16H14O3/c1-11(16(18)19)13-8-5-9-14(10-13)15(17)12-6-3-2-4-7-12/h2-11H,1H3,(H,18,19)/f/h18H",CC(C1=CC(=CC=C1)C(=O)C2=CC=CC=C2)C(=O)O,Ketoprofen,"InChI=1/C2H6O/c1-2-3/h3H,2H2,1H3",CCO,ethanol,298.15,0.01317,mole fraction,doi:10.1016/j.ijpharm.2020.119686 ,CombiSoluExp,254.0942943,46.04186481,17.059085271058432,Dippr Inchi match,,-0.642700829,0.01317,6.7890077,0.09940113,358.5078,4.5282407,-0.120483354,0.13630158,0.5315498840294597,0.4928023558601824,0.3919789477860536,0.446466091,-0.12048336,0.13630156
CC(C(=O)O)c1cccc(C(=O)c2ccccc2)c1,CCO,"InChI=1/C16H14O3/c1-11(16(18)19)13-8-5-9-14(10-13)15(17)12-6-3-2-4-7-12/h2-11H,1H3,(H,18,19)/f/h18H",CC(C1=CC(=CC=C1)C(=O)C2=CC=CC=C2)C(=O)O,Ketoprofen,"InChI=1/C2H6O/c1-2-3/h3H,2H2,1H3",CCO,ethanol,293.15,0.0306,mole fraction,doi:10.1016/j.ijpharm.2020.119686 ,CombiSoluExp,254.0942943,46.04186481,17.155291954151675,Dippr Inchi match,,-0.266383475,0.0306,6.7890077,0.09940113,358.5078,4.5282516,-0.13589601,0.1708167,0.4656194653884893,0.4099827472030479,0.3095799070406039,0.3707244371068457,-0.13589604,0.1708167
CC(C(=O)O)c1cccc(C(=O)c2ccccc2)c1,CO,"InChI=1/C16H14O3/c1-11(16(18)19)13-8-5-9-14(10-13)15(17)12-6-3-2-4-7-12/h2-11H,1H3,(H,18,19)/f/h18H",CC(C1=CC(=CC=C1)C(=O)C2=CC=CC=C2)C(=O)O,Ketoprofen,"InChI=1/CH4O/c1-2/h2H,1H3",CO,Methanol,298.15,0.0396,mole fraction,doi:10.1016/j.ijpharm.2020.119686 ,CombiSoluExp,254.0942943,32.02621475,24.64304336412591,Dippr Inchi match,,0.006937376,0.0396,6.7890077,0.09940113,358.5078,4.5282507,0.026458254,0.09976658,0.6481322660283118,0.5495908638043652,0.4370829049763367,0.5423887625137989,0.026458314,0.09976665
CC(C(=O)O)c1cccc(C(=O)c2ccccc2)c1,CO,"InChI=1/C16H14O3/c1-11(16(18)19)13-8-5-9-14(10-13)15(17)12-6-3-2-4-7-12/h2-11H,1H3,(H,18,19)/f/h18H",CC(C1=CC(=CC=C1)C(=O)C2=CC=CC=C2)C(=O)O,Ketoprofen,"InChI=1/CH4O/c1-2/h2H,1H3",CO,Methanol,298.15,0.0428,mole fraction,doi:10.1016/j.ijpharm.2020.119686 ,CombiSoluExp,254.0942943,32.02621475,24.64304336412591,Dippr Inchi match,,0.04213542,0.0428,6.7890077,0.09940113,358.5078,4.5282407,0.026458208,0.09976653,0.6481322419490265,0.5495908037274053,0.4370828550110832,0.5423887457149422,0.026458248,0.09976658
CC(C(=O)O)c1cccc(C(=O)c2ccccc2)c1,CCO,"InChI=1/C16H14O3/c1-11(16(18)19)13-8-5-9-14(10-13)15(17)12-6-3-2-4-7-12/h2-11H,1H3,(H,18,19)/f/h18H",CC(C1=CC(=CC=C1)C(=O)C2=CC=CC=C2)C(=O)O,Ketoprofen,"InChI=1/C2H6O/c1-2-3/h3H,2H2,1H3",CCO,ethanol,298.15,0.0441,mole fraction,doi:10.1016/j.ijpharm.2020.119686 ,CombiSoluExp,254.0942943,46.04186481,17.059085271058432,Dippr Inchi match,,-0.104018132,0.0441,6.789008,0.0994011,358.5078,4.5282407,-0.12048334,0.13630159,0.5315498599501746,0.4928022994234368,0.3919789131905938,0.4464660472524456,-0.120483324,0.13630162
CC(C(=O)O)c1cccc(C(=O)c2ccccc2)c1,CCO,"InChI=1/C16H14O3/c1-11(16(18)19)13-8-5-9-14(10-13)15(17)12-6-3-2-4-7-12/h2-11H,1H3,(H,18,19)/f/h18H",CC(C1=CC(=CC=C1)C(=O)C2=CC=CC=C2)C(=O)O,Ketoprofen,"InChI=1/C2H6O/c1-2-3/h3H,2H2,1H3",CCO,ethanol,303.15,0.0627,mole fraction,doi:10.1016/j.ijpharm.2020.119686 ,CombiSoluExp,254.0942943,46.04186481,16.961705155201866,Dippr Inchi match,,0.054858433,0.0627,6.7890077,0.09940113,358.5078,4.5282407,-0.09084298,0.09777091,0.5916486232117993,0.5728932037239545,0.4719908952183811,0.5131850110110258,-0.09084302,0.09777096
CC(C(=O)O)c1cccc(C(=O)c2ccccc2)c1,CCO,"InChI=1/C16H14O3/c1-11(16(18)19)13-8-5-9-14(10-13)15(17)12-6-3-2-4-7-12/h2-11H,1H3,(H,18,19)/f/h18H",CC(C1=CC(=CC=C1)C(=O)C2=CC=CC=C2)C(=O)O,Ketoprofen,"InChI=1/C2H6O/c1-2-3/h3H,2H2,1H3",CCO,ethanol,298.15,0.064,mole fraction,doi:10.1016/j.ijpharm.2020.119686 ,CombiSoluExp,254.0942943,46.04186481,17.059085271058432,Dippr Inchi match,,0.066859865,0.064,6.7890077,0.09940113,358.5078,4.5282516,-0.12048332,0.13630156,0.5315498840294597,0.4928023429171982,0.3919789502128632,0.4464660745674768,-0.120483324,0.13630156
CC(C(=O)O)c1cccc(C(=O)c2ccccc2)c1,CCO,"InChI=1/C16H14O3/c1-11(16(18)19)13-8-5-9-14(10-13)15(17)12-6-3-2-4-7-12/h2-11H,1H3,(H,18,19)/f/h18H",CC(C1=CC(=CC=C1)C(=O)C2=CC=CC=C2)C(=O)O,Ketoprofen,"InChI=1/C2H6O/c1-2-3/h3H,2H2,1H3",CCO,ethanol,298.15,0.0701,mole fraction,doi:10.1016/j.ijpharm.2020.119686 ,CombiSoluExp,254.0942943,46.04186481,17.059085271058432,Dippr Inchi match,,0.1092375103114055,0.0701,6.7890077,0.09940113,358.5078,4.5282516,-0.120483354,0.13630162,0.5315498599501746,0.4928023317808971,0.391978906,0.4464660537239375,-0.12048336,0.13630159
CC(C(=O)O)c1cccc(C(=O)c2ccccc2)c1,CCCCO,"InChI=1/C16H14O3/c1-11(16(18)19)13-8-5-9-14(10-13)15(17)12-6-3-2-4-7-12/h2-11H,1H3,(H,18,19)/f/h18H",CC(C1=CC(=CC=C1)C(=O)C2=CC=CC=C2)C(=O)O,Ketoprofen,"InChI=1/C4H10O/c1-2-3-4-5/h5H,2-4H2,1H3",CCCCO,N-butanol,298.15,0.0868,mole fraction,doi:10.1016/j.ijpharm.2020.119686 ,CombiSoluExp,254.0942943,74.07316494,10.847477902327748,Dippr Inchi match,,0.013282596,0.0868,6.7890077,0.099401,358.5078,4.52826,-0.18277577,0.13773479,0.3275094611912623,0.2512757180736614,0.2275733767884177,0.276892569,-0.18277577,0.13773498
CC(C(=O)O)c1cccc(C(=O)c2ccccc2)c1,CC(C)O,"InChI=1/C16H14O3/c1-11(16(18)19)13-8-5-9-14(10-13)15(17)12-6-3-2-4-7-12/h2-11H,1H3,(H,18,19)/f/h18H",CC(C1=CC(=CC=C1)C(=O)C2=CC=CC=C2)C(=O)O,Ketoprofen,"InChI=1/C3H8O/c1-3(2)4/h3-4H,1-2H3",CC(C)O,2-propanol,298.15,0.1269,mole fraction,doi:10.1016/j.ijpharm.2020.119686 ,CombiSoluExp,254.0942943,60.05751488,13.009938665300664,Dippr Inchi match,,0.2766728829817955,0.1269,6.7890077,0.099401,358.50778,4.5282655,-0.1863186,0.11481343,0.4335930349492499,0.4226303273649864,0.3517203377928823,0.3573780268012219,-0.18631864,0.11481354
CC(C(=O)O)c1cccc(C(=O)c2ccccc2)c1,CCOC(C)=O,"InChI=1/C16H14O3/c1-11(16(18)19)13-8-5-9-14(10-13)15(17)12-6-3-2-4-7-12/h2-11H,1H3,(H,18,19)/f/h18H",CC(C1=CC(=CC=C1)C(=O)C2=CC=CC=C2)C(=O)O,Ketoprofen,"InChI=1/C4H8O2/c1-3-6-4(2)5/h3H2,1-2H3",CCOC(=O)C,ethyl acetate,298.15,0.153,mole fraction,doi:10.1016/j.ijpharm.2020.119686 ,CombiSoluExp,254.0942943,88.0524295,10.142615554960985,Dippr Inchi match,,0.262957985,0.153,6.789008,0.0994011,358.50778,4.528258,-0.42564884,0.14323603,0.393771217,0.6604537950369849,0.6367485124585905,0.3531925411943939,-0.42564908,0.14323604
CC(C(=O)O)c1cccc(C(=O)c2ccccc2)c1,CO,"InChI=1/C16H14O3/c1-11(16(18)19)13-8-5-9-14(10-13)15(17)12-6-3-2-4-7-12/h2-11H,1H3,(H,18,19)/f/h18H",CC(C1=CC(=CC=C1)C(=O)C2=CC=CC=C2)C(=O)O,Ketoprofen,"InChI=1/CH4O/c1-2/h2H,1H3",CO,Methanol,298.15,0.1556,mole fraction,doi:10.1016/j.ijpharm.2020.119686 ,CombiSoluExp,254.0942943,32.02621475,24.64304336412591,Dippr Inchi match,,0.657155709,0.1556,6.789008,0.0994011,358.50775,4.528263,0.0264581,0.09976651,0.6481324469401926,0.5495910629173176,0.4370831117741859,0.5423890235103942,0.026458036,0.09976649
CC(C(=O)O)c1cccc(C(=O)c2ccccc2)c1,CO,"InChI=1/C16H14O3/c1-11(16(18)19)13-8-5-9-14(10-13)15(17)12-6-3-2-4-7-12/h2-11H,1H3,(H,18,19)/f/h18H",CC(C1=CC(=CC=C1)C(=O)C2=CC=CC=C2)C(=O)O,Ketoprofen,"InChI=1/CH4O/c1-2/h2H,1H3",CO,Methanol,298.15,0.224,mole fraction,doi:10.1016/j.ijpharm.2020.119686 ,CombiSoluExp,254.0942943,32.02621475,24.64304336412591,Dippr Inchi match,,0.852080638,0.224,6.7890077,0.099401,358.50778,4.528261,0.026457876,0.09976653,0.6481328191419119,0.5495913910319972,0.4370834451469529,0.5423894668985265,0.026458215,0.09976652
CC(=O)NCC(=O)O,CC#N,"InChI=1/C4H7NO3/c1-3(6)5-2-4(7)8/h2H2,1H3,(H,5,6)(H,7,8)/f/h5,7H",CC(=O)NCC(=O)O,N-acetylglycine,InChI=1/C2H3N/c1-2-3/h1H3,CC#N,acetonitrile,278.15,0.00322,mole fraction,https://doi.org/0.4172/2160-7544.1000166,CombiSoluExp,117.0425931,41.0265491,19.426196894518693,Dippr Inchi match,,-1.202355658,0.00322,6.734536,0.17102566,421.51025,4.657448,1.6488168,0.27015677,-1.36517379,-1.397156992,-1.26273064,-1.227346593,1.6488171,0.27015668
CC(=O)NCC(=O)O,CO,"InChI=1/C4H7NO3/c1-3(6)5-2-4(7)8/h2H2,1H3,(H,5,6)(H,7,8)/f/h5,7H",CC(=O)NCC(=O)O,N-acetylglycine,"InChI=1/CH4O/c1-2/h2H,1H3",CO,methanol,278.15,0.00384,mole fraction,https://doi.org/0.4172/2160-7544.1000166,CombiSoluExp,117.0425931,32.02621475,25.22852575,Dippr Inchi match,,-1.012106002,0.00384,6.734536,0.17102566,421.51025,4.6574516,0.1372743,0.2866138,-0.456724488,-0.491443325,-0.481894127,-0.457387926,0.13727419,0.28661373
CC(=O)NCC(=O)O,CC#N,"InChI=1/C4H7NO3/c1-3(6)5-2-4(7)8/h2H2,1H3,(H,5,6)(H,7,8)/f/h5,7H",CC(=O)NCC(=O)O,N-acetylglycine,InChI=1/C2H3N/c1-2-3/h1H3,CC#N,acetonitrile,283.15,0.00389,mole fraction,https://doi.org/0.4172/2160-7544.1000166,CombiSoluExp,117.0425931,41.0265491,19.307049862592937,Dippr Inchi match,,-1.122641781,0.00389,6.734536,0.17102566,421.51025,4.6574516,1.5750034,0.24804664,-1.237401734,-1.27732178,-1.149009798,-1.104523622,1.5750036,0.2480467
CC(=O)NCC(=O)O,CC#N,"InChI=1/C4H7NO3/c1-3(6)5-2-4(7)8/h2H2,1H3,(H,5,6)(H,7,8)/f/h5,7H",CC(=O)NCC(=O)O,N-acetylglycine,InChI=1/C2H3N/c1-2-3/h1H3,CC#N,acetonitrile,288.15,0.00457,mole fraction,https://doi.org/0.4172/2160-7544.1000166,CombiSoluExp,117.0425931,41.0265491,19.18692712,Dippr Inchi match,,-1.055089099,0.00457,6.734536,0.17102566,421.51025,4.657439,1.5035083,0.23116308,-1.114877185,-1.164918023,-1.041434913,-0.985988826,1.5035083,0.23116301
CC(=O)NCC(=O)O,CO,"InChI=1/C4H7NO3/c1-3(6)5-2-4(7)8/h2H2,1H3,(H,5,6)(H,7,8)/f/h5,7H",CC(=O)NCC(=O)O,N-acetylglycine,"InChI=1/CH4O/c1-2/h2H,1H3",CO,methanol,283.15,0.00473,mole fraction,https://doi.org/0.4172/2160-7544.1000166,CombiSoluExp,117.0425931,32.02621475,25.08452338213931,Dippr Inchi match,,-0.923673919,0.00473,6.734536,0.17102566,421.51025,4.6574516,0.11644089,0.27747464,-0.354808954,-0.397076709,-0.387267273,-0.357388045,0.116440795,0.27747464
CC(=O)NCC(=O)O,CC#N,"InChI=1/C4H7NO3/c1-3(6)5-2-4(7)8/h2H2,1H3,(H,5,6)(H,7,8)/f/h5,7H",CC(=O)NCC(=O)O,N-acetylglycine,InChI=1/C2H3N/c1-2-3/h1H3,CC#N,acetonitrile,293.15,0.00536,mole fraction,https://doi.org/0.4172/2160-7544.1000166,CombiSoluExp,117.0425931,41.0265491,19.065797839829656,Dippr Inchi match,,-0.988246147,0.00536,6.734536,0.17102566,421.51025,4.657444,1.4383218,0.21749735,-0.997154165,-1.059201382,-0.939471375,-0.873310515,1.438322,0.21749736
CC(=O)NCC(=O)O,CO,"InChI=1/C4H7NO3/c1-3(6)5-2-4(7)8/h2H2,1H3,(H,5,6)(H,7,8)/f/h5,7H",CC(=O)NCC(=O)O,N-acetylglycine,"InChI=1/CH4O/c1-2/h2H,1H3",CO,methanol,288.15,0.00579,mole fraction,https://doi.org/0.4172/2160-7544.1000166,CombiSoluExp,117.0425931,32.02621475,24.93898016644265,Dippr Inchi match,,-0.837920873,0.00579,6.734536,0.17102566,421.51025,4.6574507,0.0945589,0.27524224,-0.255401668,-0.306056596,-0.295793631,-0.2602166,0.09455879,0.2752423
CC(=O)NCC(=O)O,CC#N,"InChI=1/C4H7NO3/c1-3(6)5-2-4(7)8/h2H2,1H3,(H,5,6)(H,7,8)/f/h5,7H",CC(=O)NCC(=O)O,N-acetylglycine,InChI=1/C2H3N/c1-2-3/h1H3,CC#N,acetonitrile,298.15,0.00638,mole fraction,https://doi.org/0.4172/2160-7544.1000166,CombiSoluExp,117.0425931,41.0265491,18.94362961504944,Dippr Inchi match,,-0.914936452,0.00638,6.734536,0.17102566,421.51025,4.6574516,1.3649799,0.20413795,-0.884791092,-0.959386014,-0.841104431,-0.760053652,1.3649799,0.20413786
CC(=O)NCC(=O)O,CO,"InChI=1/C4H7NO3/c1-3(6)5-2-4(7)8/h2H2,1H3,(H,5,6)(H,7,8)/f/h5,7H",CC(=O)NCC(=O)O,N-acetylglycine,"InChI=1/CH4O/c1-2/h2H,1H3",CO,methanol,293.15,0.00705,mole fraction,https://doi.org/0.4172/2160-7544.1000166,CombiSoluExp,117.0425931,32.02621475,24.79183999356744,Dippr Inchi match,,-0.754429503,0.00705,6.734536,0.17102566,421.51025,4.657439,0.05594485,0.26786447,-0.151669834,-0.217568247,-0.206226698,-0.158898045,0.05594478,0.26786447
CC(=O)NCC(=O)O,CC#N,"InChI=1/C4H7NO3/c1-3(6)5-2-4(7)8/h2H2,1H3,(H,5,6)(H,7,8)/f/h5,7H",CC(=O)NCC(=O)O,N-acetylglycine,InChI=1/C2H3N/c1-2-3/h1H3,CC#N,acetonitrile,303.15,0.00741,mole fraction,https://doi.org/0.4172/2160-7544.1000166,CombiSoluExp,117.0425931,41.0265491,18.82038829584392,Dippr Inchi match,,-0.852323108,0.00741,6.734536,0.17102566,421.51025,4.6574516,1.2798152,0.19464326,-0.769960147,-0.863081501,-0.745785552,-0.644482472,1.2798152,0.19464327
CC(=O)NCC(=O)O,CO,"InChI=1/C4H7NO3/c1-3(6)5-2-4(7)8/h2H2,1H3,(H,5,6)(H,7,8)/f/h5,7H",CC(=O)NCC(=O)O,N-acetylglycine,"InChI=1/CH4O/c1-2/h2H,1H3",CO,methanol,298.15,0.00856,mole fraction,https://doi.org/0.4172/2160-7544.1000166,CombiSoluExp,117.0425931,32.02621475,24.64304336412591,Dippr Inchi match,,-0.672098331,0.00856,6.734536,0.17102566,421.51025,4.6574516,0.015456682,0.25833142,-0.047005383,-0.131182882,-0.117891344,-0.059732034,0.015456659,0.25833136
CC(=O)NCC(=O)O,CC#N,"InChI=1/C4H7NO3/c1-3(6)5-2-4(7)8/h2H2,1H3,(H,5,6)(H,7,8)/f/h5,7H",CC(=O)NCC(=O)O,N-acetylglycine,InChI=1/C2H3N/c1-2-3/h1H3,CC#N,acetonitrile,308.15,0.00876,mole fraction,https://doi.org/0.4172/2160-7544.1000166,CombiSoluExp,117.0425931,41.0265491,18.696037881946108,Dippr Inchi match,,-0.781925134,0.00876,6.734536,0.17102566,421.51025,4.6574516,1.1915053,0.18893118,-0.650032545,-0.768428337,-0.651480606,-0.530231921,1.1915054,0.18893112
CC(=O)NCC(=O)O,CO,"InChI=1/C4H7NO3/c1-3(6)5-2-4(7)8/h2H2,1H3,(H,5,6)(H,7,8)/f/h5,7H",CC(=O)NCC(=O)O,N-acetylglycine,"InChI=1/CH4O/c1-2/h2H,1H3",CO,methanol,303.15,0.01034,mole fraction,https://doi.org/0.4172/2160-7544.1000166,CombiSoluExp,117.0425931,32.02621475,24.492527097920075,Dippr Inchi match,,-0.591931881,0.01034,6.734536,0.17102566,421.51025,4.6574516,-0.024614573,0.24308787,0.055610163,-0.047693955,-0.032490161,0.036429197,-0.024614561,0.2430878
CC(=O)NCC(=O)O,CC#N,"InChI=1/C4H7NO3/c1-3(6)5-2-4(7)8/h2H2,1H3,(H,5,6)(H,7,8)/f/h5,7H",CC(=O)NCC(=O)O,N-acetylglycine,InChI=1/C2H3N/c1-2-3/h1H3,CC#N,acetonitrile,313.15,0.01052,mole fraction,https://doi.org/0.4172/2160-7544.1000166,CombiSoluExp,117.0425931,41.0265491,18.57054037567583,Dippr Inchi match,,-0.704566739,0.01052,6.734536,0.17102566,421.51025,4.657435,1.1061008,0.19251549,-0.532172244,-0.674410515,-0.558147312,-0.419804828,1.1061009,0.19251542
CC(=O)NCC(=O)O,CC#N,"InChI=1/C4H7NO3/c1-3(6)5-2-4(7)8/h2H2,1H3,(H,5,6)(H,7,8)/f/h5,7H",CC(=O)NCC(=O)O,N-acetylglycine,InChI=1/C2H3N/c1-2-3/h1H3,CC#N,acetonitrile,318.15,0.01212,mole fraction,https://doi.org/0.4172/2160-7544.1000166,CombiSoluExp,117.0425931,41.0265491,18.44385562510423,Dippr Inchi match,,-0.645349859,0.01212,6.734536,0.17102566,421.51025,4.657444,1.038299,0.2046229,-0.417026181,-0.582972633,-0.467779815,-0.319467299,1.0382988,0.2046229
CC(=O)NCC(=O)O,CO,"InChI=1/C4H7NO3/c1-3(6)5-2-4(7)8/h2H2,1H3,(H,5,6)(H,7,8)/f/h5,7H",CC(=O)NCC(=O)O,N-acetylglycine,"InChI=1/CH4O/c1-2/h2H,1H3",CO,methanol,308.15,0.01245,mole fraction,https://doi.org/0.4172/2160-7544.1000166,CombiSoluExp,117.0425931,32.02621475,24.34022401138998,Dippr Inchi match,,-0.513065171,0.01245,6.734536,0.17102566,421.51025,4.6574297,-0.055768102,0.22369288,0.1498579714192056,0.03367033,0.050164529,0.1260270318790854,-0.055768132,0.22369294
CC(=O)NCC(=O)O,CC#N,"InChI=1/C4H7NO3/c1-3(6)5-2-4(7)8/h2H2,1H3,(H,5,6)(H,7,8)/f/h5,7H",CC(=O)NCC(=O)O,N-acetylglycine,InChI=1/C2H3N/c1-2-3/h1H3,CC#N,acetonitrile,323.15,0.01384,mole fraction,https://doi.org/0.4172/2160-7544.1000166,CombiSoluExp,117.0425931,41.0265491,18.31594115113464,Dippr Inchi match,,-0.589982053,0.01384,6.734536,0.17102566,421.51025,4.6574516,0.9800719,0.20240626,-0.313100212,-0.493911268,-0.379991936,-0.225623449,0.980072,0.20240618
CC(=O)NCC(=O)O,CO,"InChI=1/C4H7NO3/c1-3(6)5-2-4(7)8/h2H2,1H3,(H,5,6)(H,7,8)/f/h5,7H",CC(=O)NCC(=O)O,N-acetylglycine,"InChI=1/CH4O/c1-2/h2H,1H3",CO,methanol,313.15,0.01492,mole fraction,https://doi.org/0.4172/2160-7544.1000166,CombiSoluExp,117.0425931,32.02621475,24.18606255808993,Dippr Inchi match,,-0.436137507,0.01492,6.734536,0.17102566,421.51025,4.657444,-0.07817896,0.19621336,0.2392335545903987,0.1127715521926939,0.129756236,0.2092619650594679,-0.07817898,0.19621332
CC(=O)NCC(=O)O,CC#N,"InChI=1/C4H7NO3/c1-3(6)5-2-4(7)8/h2H2,1H3,(H,5,6)(H,7,8)/f/h5,7H",CC(=O)NCC(=O)O,N-acetylglycine,InChI=1/C2H3N/c1-2-3/h1H3,CC#N,acetonitrile,328.15,0.01673,mole fraction,https://doi.org/0.4172/2160-7544.1000166,CombiSoluExp,117.0425931,41.0265491,18.18675195644688,Dippr Inchi match,,-0.509421704,0.01673,6.734536,0.17102566,421.51025,4.6574516,0.9394463,0.19699268,-0.215113599,-0.408372285,-0.295616528,-0.141656702,0.93944633,0.19699264
CC(=O)NCC(=O)O,CO,"InChI=1/C4H7NO3/c1-3(6)5-2-4(7)8/h2H2,1H3,(H,5,6)(H,7,8)/f/h5,7H",CC(=O)NCC(=O)O,N-acetylglycine,"InChI=1/CH4O/c1-2/h2H,1H3",CO,methanol,318.15,0.01782,mole fraction,https://doi.org/0.4172/2160-7544.1000166,CombiSoluExp,117.0425931,32.02621475,24.02996643,Dippr Inchi match,,-0.360530223,0.01782,6.734536,0.17102566,421.51025,4.657444,-0.104099154,0.16274384,0.3241955915451823,0.1891124162422348,0.2064881265615141,0.2915713503534638,-0.10409914,0.16274378
CC(=O)NCC(=O)O,CO,"InChI=1/C4H7NO3/c1-3(6)5-2-4(7)8/h2H2,1H3,(H,5,6)(H,7,8)/f/h5,7H",CC(=O)NCC(=O)O,N-acetylglycine,"InChI=1/CH4O/c1-2/h2H,1H3",CO,methanol,323.15,0.01904,mole fraction,https://doi.org/0.4172/2160-7544.1000166,CombiSoluExp,117.0425931,32.02621475,23.871854091826364,Dippr Inchi match,,-0.334098203,0.01904,6.734536,0.17102566,421.51025,4.6574516,-0.11045351,0.14058453,0.3971537397969643,0.2632337569520468,0.2805518256913657,0.3630426312350663,-0.11045358,0.14058447
CC(=O)NCC(=O)O,CC#N,"InChI=1/C4H7NO3/c1-3(6)5-2-4(7)8/h2H2,1H3,(H,5,6)(H,7,8)/f/h5,7H",CC(=O)NCC(=O)O,N-acetylglycine,InChI=1/C2H3N/c1-2-3/h1H3,CC#N,acetonitrile,333.15,0.01982,mole fraction,https://doi.org/0.4172/2160-7544.1000166,CombiSoluExp,117.0425931,41.0265491,18.05624031393587,Dippr Inchi match,,-0.43757486,0.01982,6.734536,0.17102566,421.51025,4.6574516,0.9044436,0.19188517,-0.126766564,-0.325902762,-0.21532127,-0.062268774,0.90444356,0.19188516
CC(=O)NCC(=O)O,CO,"InChI=1/C4H7NO3/c1-3(6)5-2-4(7)8/h2H2,1H3,(H,5,6)(H,7,8)/f/h5,7H",CC(=O)NCC(=O)O,N-acetylglycine,"InChI=1/CH4O/c1-2/h2H,1H3",CO,methanol,328.15,0.02516,mole fraction,https://doi.org/0.4172/2160-7544.1000166,CombiSoluExp,117.0425931,32.02621475,23.71163830593723,Dippr Inchi match,,-0.213261143,0.02516,6.734536,0.17102566,421.51025,4.6574516,-0.10101645,0.1412944,0.4599391586970973,0.3352571304888792,0.3525463493165035,0.4254169324220593,-0.10101648,0.14129436
CC(=O)NCC(=O)O,CO,"InChI=1/C4H7NO3/c1-3(6)5-2-4(7)8/h2H2,1H3,(H,5,6)(H,7,8)/f/h5,7H",CC(=O)NCC(=O)O,N-acetylglycine,"InChI=1/CH4O/c1-2/h2H,1H3",CO,methanol,333.15,0.02975,mole fraction,https://doi.org/0.4172/2160-7544.1000166,CombiSoluExp,117.0425931,32.02621475,23.54922553106596,Dippr Inchi match,,-0.141420052,0.02975,6.734536,0.17102566,421.51025,4.657456,-0.08566383,0.14999387,0.5259621750275107,0.4056549984240188,0.4214154453523699,0.4830787324483551,-0.08566389,0.1499938
O=c1c2ccccc2sc2ccccc12,C1COCCO1,InChI=1/C13H8OS/c14-13-9-5-1-3-7-11(9)15-12-8-4-2-6-10(12)13/h1-8H,C1=CC=C2C(=C1)C(=O)C3=CC=CC=C3S2,Thioxanthen-9-one ,InChI=1/C4H8O2/c1-2-6-4-3-5-1/h1-4H2,C1COCCO1,"1,4-Dioxane ",298.15,0.006231,mole fraction,https://doi.org/10.1007/s10953-011-9776-1,CombiSoluExp,212.0295859,88.0524295,11.673583540890524,Dippr Inchi match,,-1.135523498,0.006231,4.9233,0.119325235,407.70734,4.1528015,-0.001312056,0.1444509,0.1222895501883297,0.1030067777091514,0.1060091180623788,0.098031943,-0.0013120591,0.1444509
O=c1c2ccccc2sc2ccccc12,C1CCOC1,InChI=1/C13H8OS/c14-13-9-5-1-3-7-11(9)15-12-8-4-2-6-10(12)13/h1-8H,C1=CC=C2C(=C1)C(=O)C3=CC=CC=C3S2,Thioxanthen-9-one ,InChI=1/C4H8O/c1-2-4-5-3-1/h1-4H2,C1CCOC1,Tetrahydrofuran,298.15,0.009229,mole fraction,https://doi.org/10.1007/s10953-011-9776-1,CombiSoluExp,212.0295859,72.05751488,12.203802104571547,Dippr Inchi match,,-0.944323484,0.009229,4.9233,0.119325414,407.70734,4.1527953,-0.10323788,0.12626112,0.1729855231855773,0.2501646024518124,0.2830344238249995,0.1615887273270341,-0.10323789,0.12626114
CCc1ccc2c(c1)C(=O)c1ccccc1C2=O,C1COCCO1,"InChI=1/C16H12O2/c1-2-10-7-8-13-14(9-10)16(18)12-6-4-3-5-11(12)15(13)17/h3-9H,2H2,1H3",CCC1=CC2=C(C=C1)C(=O)C3=CC=CC=C3C2=O,2-Ethylanthraquinone ,InChI=1/C4H8O2/c1-2-6-4-3-5-1/h1-4H2,C1COCCO1,"1,4-Dioxane ",298.15,0.09928,mole fraction,https://doi.org/10.1007/s10953-011-9776-1,CombiSoluExp,236.0837296,88.0524295,11.673583540890524,Dippr Inchi match,,0.1094761580114151,0.09928,5.448969,0.08480733,406.41333,2.0476754,-0.012214446,0.19445692,0.02135093,-0.071287374,-0.048774402,0.008525898,-0.012214434,0.19445704
CCc1ccc2c(c1)C(=O)c1ccccc1C2=O,C1CCOC1,"InChI=1/C16H12O2/c1-2-10-7-8-13-14(9-10)16(18)12-6-4-3-5-11(12)15(13)17/h3-9H,2H2,1H3",CCC1=CC2=C(C=C1)C(=O)C3=CC=CC=C3C2=O,2-Ethylanthraquinone ,InChI=1/C4H8O/c1-2-4-5-3-1/h1-4H2,C1CCOC1,Tetrahydrofuran,298.15,0.1402,mole fraction,https://doi.org/10.1007/s10953-011-9776-1,CombiSoluExp,236.0837296,72.05751488,12.203802104571547,Dippr Inchi match,,0.2988457294085656,0.1402,5.448969,0.08480733,406.41333,2.0476797,-0.20187788,0.16601722,0.1245983554651855,0.1969571114978455,0.2059429594533131,0.1101866402906838,-0.20187792,0.16601703
O=C(O)c1cccc(Cl)c1,C1COCCO1,"InChI=1/C7H5ClO2/c8-6-3-1-2-5(4-6)7(9)10/h1-4H,(H,9,10)/f/h9H",C1=CC(=CC(=C1)Cl)C(=O)O,3-Chlorobenzoic acid ,InChI=1/C4H8O2/c1-2-6-4-3-5-1/h1-4H2,C1COCCO1,"1,4-Dioxane ",298.15,0.1485,mole fraction,https://doi.org/10.1007/s10953-011-9776-1,CombiSoluExp,155.9978071,88.0524295,11.673583540890524,Dippr Inchi match,,0.3087459970000414,0.1485,5.485575,0.04950743,424.25375,6.465668,-1.1776046,0.12689643,0.004548632,1.0263503912951542,0.7015567134810639,0.3834564740398032,-1.1776049,0.12689668
c1ccc2c(c1)Cc1ccccc1O2,C1COCCO1,"InChI=1/C13H10O/c1-3-7-12-10(5-1)9-11-6-2-4-8-13(11)14-12/h1-8H,9H2",C1C2=CC=CC=C2OC3=CC=CC=C31,Xanthene ,InChI=1/C4H8O2/c1-2-6-4-3-5-1/h1-4H2,C1COCCO1,"1,4-Dioxane ",298.15,0.1502,mole fraction,https://doi.org/10.1007/s10953-011-9776-1,CombiSoluExp,182.0731649,88.0524295,11.673583540890524,Dippr Inchi match,,0.3145574015600841,0.1502,4.6433682,0.1184807,363.76324,4.446225,-0.042486522,0.1191785,0.5004729958373203,0.4562596822635154,0.4636865384740356,0.4717343727741579,-0.042486545,0.11917852
c1ccc2c(c1)Nc1ccccc1S2,C1CCOC1,"InChI=1/C12H9NS/c1-3-7-11-9(5-1)13-10-6-2-4-8-12(10)14-11/h1-8,13H",C1=CC=C2C(=C1)NC3=CC=CC=C3S2,Phenothiazine ,InChI=1/C4H8O/c1-2-4-5-3-1/h1-4H2,C1CCOC1,Tetrahydrofuran,298.15,0.1612,mole fraction,https://doi.org/10.1007/s10953-011-9776-1,CombiSoluExp,199.0455703,72.05751488,12.203802104571547,Dippr Inchi match,,0.3702017722346796,0.1612,5.8947577,0.1596899,437.36792,4.8121595,-1.1395923,0.148784,-0.013547222,0.9573374455798184,0.8298646867200382,0.2060386843621124,-1.1395924,0.14878403
