solute_inchi_std,molefrac,molefrac2,solute_smiles_canonical,solvent1_smiles_canonical,solvent2_smiles_canonical,Temperature [K],logS,Source,solvent1_density,solvent2_density,solvent_avg_density,solvent_density,solvent_smiles_canonical,MP_pred,MP_std,logS_calc,gamma
"InChI=1S/C11H10N2O3/c1-7-11(8(2)14)13(16)10-6-4-3-5-9(10)12(7)15/h3-6H,1-2H3",0.1031,0.8969,CC(=O)c1c(C)n([O-])c2ccccc2[n+]1=O,CC(C)=O,CC(C)O,293.15,-1.38157393,10.1016/j.molliq.2020.112619,13.62629871,13.09112089,13.14434616,13.14434616,CC(C)=O,440.01352,11.598891,-0.5365911993643429,2.013394355773926
"InChI=1S/C11H10N2O3/c1-7-11(8(2)14)13(16)10-6-4-3-5-9(10)12(7)15/h3-6H,1-2H3",0.1031,0.8969,CC(=O)c1c(C)n([O-])c2ccccc2[n+]1=O,CC(C)=O,CC(C)O,298.15,-1.286313971,10.1016/j.molliq.2020.112619,13.52721472,13.00993867,13.06143348,13.06143348,CC(C)=O,440.01352,11.598891,-0.4587763158714941,1.9555370807647705
"InChI=1S/C11H10N2O3/c1-7-11(8(2)14)13(16)10-6-4-3-5-9(10)12(7)15/h3-6H,1-2H3",0.1031,0.8969,CC(=O)c1c(C)n([O-])c2ccccc2[n+]1=O,CC(C)=O,CC(C)O,303.15,-1.167475435,10.1016/j.molliq.2020.112619,13.42718462,12.92780494,12.97756694,12.97756694,CC(C)=O,440.01352,11.598891,-0.3824868601895501,1.8960051536560059
"InChI=1S/C11H10N2O3/c1-7-11(8(2)14)13(16)10-6-4-3-5-9(10)12(7)15/h3-6H,1-2H3",0.1031,0.8969,CC(=O)c1c(C)n([O-])c2ccccc2[n+]1=O,CC(C)=O,CC(C)O,308.15,-1.052699097,10.1016/j.molliq.2020.112619,13.32617061,12.84468178,12.89270858,12.89270858,CC(C)=O,440.01352,11.598891,-0.3071819765261643,1.8332223892211914
"InChI=1S/C11H10N2O3/c1-7-11(8(2)14)13(16)10-6-4-3-5-9(10)12(7)15/h3-6H,1-2H3",0.1031,0.8969,CC(=O)c1c(C)n([O-])c2ccccc2[n+]1=O,CC(C)=O,CC(C)O,313.15,-0.938799073,10.1016/j.molliq.2020.112619,13.22413242,12.76052875,12.80681794,12.80681794,CC(C)=O,440.01352,11.598891,-0.23202324156527418,1.764633059501648
"InChI=1S/C11H10N2O3/c1-7-11(8(2)14)13(16)10-6-4-3-5-9(10)12(7)15/h3-6H,1-2H3",0.1031,0.8969,CC(=O)c1c(C)n([O-])c2ccccc2[n+]1=O,CC(C)=O,CC(C)O,318.15,-0.805966066,10.1016/j.molliq.2020.112619,13.12102703,12.67530267,12.7198518,12.7198518,CC(C)=O,440.01352,11.598891,-0.15763696682648856,1.6938574314117432
"InChI=1S/C11H10N2O3/c1-7-11(8(2)14)13(16)10-6-4-3-5-9(10)12(7)15/h3-6H,1-2H3",0.1031,0.8969,CC(=O)c1c(C)n([O-])c2ccccc2[n+]1=O,CC(C)=O,CC(C)O,323.15,-0.675040058,10.1016/j.molliq.2020.112619,13.01680848,12.58895732,12.63176393,12.63176393,CC(C)=O,440.01352,11.598891,-0.08508688622374917,1.6256730556488037
"InChI=1S/C11H10N2O3/c1-7-11(8(2)14)13(16)10-6-4-3-5-9(10)12(7)15/h3-6H,1-2H3",0.2054,0.7946,CC(=O)c1c(C)n([O-])c2ccccc2[n+]1=O,CC(C)=O,CC(C)O,293.15,-1.199169922,10.1016/j.molliq.2020.112619,13.62629871,13.09112089,13.19758794,13.19758794,CC(C)=O,440.01352,11.598891,-0.4874283191488323,1.8051841259002686
"InChI=1S/C11H10N2O3/c1-7-11(8(2)14)13(16)10-6-4-3-5-9(10)12(7)15/h3-6H,1-2H3",0.2054,0.7946,CC(=O)c1c(C)n([O-])c2ccccc2[n+]1=O,CC(C)=O,CC(C)O,298.15,-1.082270791,10.1016/j.molliq.2020.112619,13.52721472,13.00993867,13.11293322,13.11293322,CC(C)=O,440.01352,11.598891,-0.4102089695500448,1.7555277347564697
"InChI=1S/C11H10N2O3/c1-7-11(8(2)14)13(16)10-6-4-3-5-9(10)12(7)15/h3-6H,1-2H3",0.2054,0.7946,CC(=O)c1c(C)n([O-])c2ccccc2[n+]1=O,CC(C)=O,CC(C)O,303.15,-0.982598042,10.1016/j.molliq.2020.112619,13.42718462,12.92780494,13.02732291,13.02732291,CC(C)=O,440.01352,11.598891,-0.33342666449255814,1.6999698877334595
"InChI=1S/C11H10N2O3/c1-7-11(8(2)14)13(16)10-6-4-3-5-9(10)12(7)15/h3-6H,1-2H3",0.2054,0.7946,CC(=O)c1c(C)n([O-])c2ccccc2[n+]1=O,CC(C)=O,CC(C)O,308.15,-0.88458106,10.1016/j.molliq.2020.112619,13.32617061,12.84468178,12.94071902,12.94071902,CC(C)=O,440.01352,11.598891,-0.25732265819979616,1.6404767036437988
"InChI=1S/C11H10N2O3/c1-7-11(8(2)14)13(16)10-6-4-3-5-9(10)12(7)15/h3-6H,1-2H3",0.2054,0.7946,CC(=O)c1c(C)n([O-])c2ccccc2[n+]1=O,CC(C)=O,CC(C)O,313.15,-0.833707108,10.1016/j.molliq.2020.112619,13.22413242,12.76052875,12.85308108,12.85308108,CC(C)=O,440.01352,11.598891,-0.183637563929932,1.5842902660369873
"InChI=1S/C11H10N2O3/c1-7-11(8(2)14)13(16)10-6-4-3-5-9(10)12(7)15/h3-6H,1-2H3",0.2054,0.7946,CC(=O)c1c(C)n([O-])c2ccccc2[n+]1=O,CC(C)=O,CC(C)O,318.15,-0.694794277,10.1016/j.molliq.2020.112619,13.12102703,12.67530267,12.76436585,12.76436585,CC(C)=O,440.01352,11.598891,-0.11079026029186999,1.5259746313095093
"InChI=1S/C11H10N2O3/c1-7-11(8(2)14)13(16)10-6-4-3-5-9(10)12(7)15/h3-6H,1-2H3",0.2054,0.7946,CC(=O)c1c(C)n([O-])c2ccccc2[n+]1=O,CC(C)=O,CC(C)O,323.15,-0.60260201,10.1016/j.molliq.2020.112619,13.01680848,12.58895732,12.6745271,12.6745271,CC(C)=O,440.01352,11.598891,-0.04045948646789486,1.4718838930130005
"InChI=1S/C11H10N2O3/c1-7-11(8(2)14)13(16)10-6-4-3-5-9(10)12(7)15/h3-6H,1-2H3",0.3071,0.6929000000000001,CC(=O)c1c(C)n([O-])c2ccccc2[n+]1=O,CC(C)=O,CC(C)O,293.15,-1.060849253,10.1016/j.molliq.2020.112619,13.62629871,13.09112089,13.2509467,13.2509467,CC(C)=O,440.01352,11.598891,-0.43984502498952016,1.624390959739685
"InChI=1S/C11H10N2O3/c1-7-11(8(2)14)13(16)10-6-4-3-5-9(10)12(7)15/h3-6H,1-2H3",0.3071,0.6929000000000001,CC(=O)c1c(C)n([O-])c2ccccc2[n+]1=O,CC(C)=O,CC(C)O,298.15,-0.937099959,10.1016/j.molliq.2020.112619,13.52721472,13.00993867,13.16453505,13.16453505,CC(C)=O,440.01352,11.598891,-0.3618430982541054,1.576694369316101
"InChI=1S/C11H10N2O3/c1-7-11(8(2)14)13(16)10-6-4-3-5-9(10)12(7)15/h3-6H,1-2H3",0.3071,0.6929000000000001,CC(=O)c1c(C)n([O-])c2ccccc2[n+]1=O,CC(C)=O,CC(C)O,303.15,-0.844072221,10.1016/j.molliq.2020.112619,13.42718462,12.92780494,13.07716668,13.07716668,CC(C)=O,440.01352,11.598891,-0.2851231828618407,1.5268495082855225
"InChI=1S/C11H10N2O3/c1-7-11(8(2)14)13(16)10-6-4-3-5-9(10)12(7)15/h3-6H,1-2H3",0.3071,0.6929000000000001,CC(=O)c1c(C)n([O-])c2ccccc2[n+]1=O,CC(C)=O,CC(C)O,308.15,-0.752572724,10.1016/j.molliq.2020.112619,13.32617061,12.84468178,12.98880363,12.98880363,CC(C)=O,440.01352,11.598891,-0.21206139000933635,1.4836091995239258
"InChI=1S/C11H10N2O3/c1-7-11(8(2)14)13(16)10-6-4-3-5-9(10)12(7)15/h3-6H,1-2H3",0.3071,0.6929000000000001,CC(=O)c1c(C)n([O-])c2ccccc2[n+]1=O,CC(C)=O,CC(C)O,313.15,-0.703039093,10.1016/j.molliq.2020.112619,13.22413242,12.76052875,12.89940539,12.89940539,CC(C)=O,440.01352,11.598891,-0.1408816391743864,1.4409246444702148
"InChI=1S/C11H10N2O3/c1-7-11(8(2)14)13(16)10-6-4-3-5-9(10)12(7)15/h3-6H,1-2H3",0.3071,0.6929000000000001,CC(=O)c1c(C)n([O-])c2ccccc2[n+]1=O,CC(C)=O,CC(C)O,318.15,-0.574215111,10.1016/j.molliq.2020.112619,13.12102703,12.67530267,12.80892873,12.80892873,CC(C)=O,440.01352,11.598891,-0.06978537181773557,1.3933364152908325
"InChI=1S/C11H10N2O3/c1-7-11(8(2)14)13(16)10-6-4-3-5-9(10)12(7)15/h3-6H,1-2H3",0.3071,0.6929000000000001,CC(=O)c1c(C)n([O-])c2ccccc2[n+]1=O,CC(C)=O,CC(C)O,323.15,-0.487194569,10.1016/j.molliq.2020.112619,13.01680848,12.58895732,12.71732742,12.71732742,CC(C)=O,440.01352,11.598891,0.0008211947524142381,1.3429412841796875
"InChI=1S/C11H10N2O3/c1-7-11(8(2)14)13(16)10-6-4-3-5-9(10)12(7)15/h3-6H,1-2H3",0.4081,0.5919,CC(=O)c1c(C)n([O-])c2ccccc2[n+]1=O,CC(C)=O,CC(C)O,293.15,-0.962191933,10.1016/j.molliq.2020.112619,13.62629871,13.09112089,13.30436695,13.30436695,CC(C)=O,440.01352,11.598891,-0.3919912613998087,1.4607775211334229
"InChI=1S/C11H10N2O3/c1-7-11(8(2)14)13(16)10-6-4-3-5-9(10)12(7)15/h3-6H,1-2H3",0.4081,0.5919,CC(=O)c1c(C)n([O-])c2ccccc2[n+]1=O,CC(C)=O,CC(C)O,298.15,-0.866478509,10.1016/j.molliq.2020.112619,13.52721472,13.00993867,13.21618522,13.21618522,CC(C)=O,440.01352,11.598891,-0.31726067895211274,1.4284520149230957
"InChI=1S/C11H10N2O3/c1-7-11(8(2)14)13(16)10-6-4-3-5-9(10)12(7)15/h3-6H,1-2H3",0.4081,0.5919,CC(=O)c1c(C)n([O-])c2ccccc2[n+]1=O,CC(C)=O,CC(C)O,303.15,-0.749253135,10.1016/j.molliq.2020.112619,13.42718462,12.92780494,13.12704631,13.12704631,CC(C)=O,440.01352,11.598891,-0.24421275716685173,1.3948874473571777
"InChI=1S/C11H10N2O3/c1-7-11(8(2)14)13(16)10-6-4-3-5-9(10)12(7)15/h3-6H,1-2H3",0.4081,0.5919,CC(=O)c1c(C)n([O-])c2ccccc2[n+]1=O,CC(C)=O,CC(C)O,308.15,-0.64502544,10.1016/j.molliq.2020.112619,13.32617061,12.84468178,13.03691223,13.03691223,CC(C)=O,440.01352,11.598891,-0.1719527382528228,1.357739806175232
"InChI=1S/C11H10N2O3/c1-7-11(8(2)14)13(16)10-6-4-3-5-9(10)12(7)15/h3-6H,1-2H3",0.4081,0.5919,CC(=O)c1c(C)n([O-])c2ccccc2[n+]1=O,CC(C)=O,CC(C)O,313.15,-0.585109327,10.1016/j.molliq.2020.112619,13.22413242,12.76052875,12.9457425,12.9457425,CC(C)=O,440.01352,11.598891,-0.10102619274220785,1.3192986249923706
"InChI=1S/C11H10N2O3/c1-7-11(8(2)14)13(16)10-6-4-3-5-9(10)12(7)15/h3-6H,1-2H3",0.4081,0.5919,CC(=O)c1c(C)n([O-])c2ccccc2[n+]1=O,CC(C)=O,CC(C)O,318.15,-0.471518731,10.1016/j.molliq.2020.112619,13.12102703,12.67530267,12.8534939,12.8534939,CC(C)=O,440.01352,11.598891,-0.029403864827929543,1.2740395069122314
"InChI=1S/C11H10N2O3/c1-7-11(8(2)14)13(16)10-6-4-3-5-9(10)12(7)15/h3-6H,1-2H3",0.4081,0.5919,CC(=O)c1c(C)n([O-])c2ccccc2[n+]1=O,CC(C)=O,CC(C)O,323.15,-0.400826627,10.1016/j.molliq.2020.112619,13.01680848,12.58895732,12.76012019,12.76012019,CC(C)=O,440.01352,11.598891,0.04242241006368205,1.224375605583191
"InChI=1S/C11H10N2O3/c1-7-11(8(2)14)13(16)10-6-4-3-5-9(10)12(7)15/h3-6H,1-2H3",0.5084,0.4916,CC(=O)c1c(C)n([O-])c2ccccc2[n+]1=O,CC(C)=O,CC(C)O,293.15,-0.892444996,10.1016/j.molliq.2020.112619,13.62629871,13.09112089,13.35784492,13.35784492,CC(C)=O,440.01352,11.598891,-0.3523049218358324,1.338566541671753
"InChI=1S/C11H10N2O3/c1-7-11(8(2)14)13(16)10-6-4-3-5-9(10)12(7)15/h3-6H,1-2H3",0.5084,0.4916,CC(=O)c1c(C)n([O-])c2ccccc2[n+]1=O,CC(C)=O,CC(C)O,298.15,-0.791194757,10.1016/j.molliq.2020.112619,13.52721472,13.00993867,13.26788008,13.26788008,CC(C)=O,440.01352,11.598891,-0.27811965156253377,1.3104488849639893
"InChI=1S/C11H10N2O3/c1-7-11(8(2)14)13(16)10-6-4-3-5-9(10)12(7)15/h3-6H,1-2H3",0.5084,0.4916,CC(=O)c1c(C)n([O-])c2ccccc2[n+]1=O,CC(C)=O,CC(C)O,303.15,-0.689573033,10.1016/j.molliq.2020.112619,13.42718462,12.92780494,13.17695822,13.17695822,CC(C)=O,440.01352,11.598891,-0.20502300762477166,1.279374122619629
"InChI=1S/C11H10N2O3/c1-7-11(8(2)14)13(16)10-6-4-3-5-9(10)12(7)15/h3-6H,1-2H3",0.5084,0.4916,CC(=O)c1c(C)n([O-])c2ccccc2[n+]1=O,CC(C)=O,CC(C)O,308.15,-0.589862345,10.1016/j.molliq.2020.112619,13.32617061,12.84468178,13.08504139,13.08504139,CC(C)=O,440.01352,11.598891,-0.13310288497713404,1.2461405992507935
"InChI=1S/C11H10N2O3/c1-7-11(8(2)14)13(16)10-6-4-3-5-9(10)12(7)15/h3-6H,1-2H3",0.5084,0.4916,CC(=O)c1c(C)n([O-])c2ccccc2[n+]1=O,CC(C)=O,CC(C)O,313.15,-0.491694245,10.1016/j.molliq.2020.112619,13.22413242,12.76052875,12.99208911,12.99208911,CC(C)=O,440.01352,11.598891,-0.06264830254672793,1.212040901184082
"InChI=1S/C11H10N2O3/c1-7-11(8(2)14)13(16)10-6-4-3-5-9(10)12(7)15/h3-6H,1-2H3",0.5084,0.4916,CC(=O)c1c(C)n([O-])c2ccccc2[n+]1=O,CC(C)=O,CC(C)O,318.15,-0.395321075,10.1016/j.molliq.2020.112619,13.12102703,12.67530267,12.89805816,12.89805816,CC(C)=O,440.01352,11.598891,0.008696470516895122,1.1710776090621948
"InChI=1S/C11H10N2O3/c1-7-11(8(2)14)13(16)10-6-4-3-5-9(10)12(7)15/h3-6H,1-2H3",0.5084,0.4916,CC(=O)c1c(C)n([O-])c2ccccc2[n+]1=O,CC(C)=O,CC(C)O,323.15,-0.30051481,10.1016/j.molliq.2020.112619,13.01680848,12.58895732,12.80290234,12.80290234,CC(C)=O,440.01352,11.598891,0.07840764555405444,1.1307930946350098
"InChI=1S/C11H10N2O3/c1-7-11(8(2)14)13(16)10-6-4-3-5-9(10)12(7)15/h3-6H,1-2H3",0.608,0.392,CC(=O)c1c(C)n([O-])c2ccccc2[n+]1=O,CC(C)=O,CC(C)O,293.15,-0.83669681,10.1016/j.molliq.2020.112619,13.62629871,13.09112089,13.4113768,13.4113768,CC(C)=O,440.01352,11.598891,-0.31342421097130735,1.2288423776626587
"InChI=1S/C11H10N2O3/c1-7-11(8(2)14)13(16)10-6-4-3-5-9(10)12(7)15/h3-6H,1-2H3",0.608,0.392,CC(=O)c1c(C)n([O-])c2ccccc2[n+]1=O,CC(C)=O,CC(C)O,298.15,-0.72047607,10.1016/j.molliq.2020.112619,13.52721472,13.00993867,13.31961589,13.31961589,CC(C)=O,440.01352,11.598891,-0.24118433159255312,1.2083003520965576
"InChI=1S/C11H10N2O3/c1-7-11(8(2)14)13(16)10-6-4-3-5-9(10)12(7)15/h3-6H,1-2H3",0.608,0.392,CC(=O)c1c(C)n([O-])c2ccccc2[n+]1=O,CC(C)=O,CC(C)O,303.15,-0.616803422,10.1016/j.molliq.2020.112619,13.42718462,12.92780494,13.22689881,13.22689881,CC(C)=O,440.01352,11.598891,-0.16874754791295402,1.181312918663025
"InChI=1S/C11H10N2O3/c1-7-11(8(2)14)13(16)10-6-4-3-5-9(10)12(7)15/h3-6H,1-2H3",0.608,0.392,CC(=O)c1c(C)n([O-])c2ccccc2[n+]1=O,CC(C)=O,CC(C)O,308.15,-0.515020142,10.1016/j.molliq.2020.112619,13.32617061,12.84468178,13.1331876,13.1331876,CC(C)=O,440.01352,11.598891,-0.09675610000022665,1.15031099319458
"InChI=1S/C11H10N2O3/c1-7-11(8(2)14)13(16)10-6-4-3-5-9(10)12(7)15/h3-6H,1-2H3",0.608,0.392,CC(=O)c1c(C)n([O-])c2ccccc2[n+]1=O,CC(C)=O,CC(C)O,313.15,-0.414805098,10.1016/j.molliq.2020.112619,13.22413242,12.76052875,13.0384418,13.0384418,CC(C)=O,440.01352,11.598891,-0.026282096448486784,1.1186591386795044
"InChI=1S/C11H10N2O3/c1-7-11(8(2)14)13(16)10-6-4-3-5-9(10)12(7)15/h3-6H,1-2H3",0.608,0.392,CC(=O)c1c(C)n([O-])c2ccccc2[n+]1=O,CC(C)=O,CC(C)O,318.15,-0.316501955,10.1016/j.molliq.2020.112619,13.12102703,12.67530267,12.94261824,12.94261824,CC(C)=O,440.01352,11.598891,0.04351597415584621,1.0845860242843628
"InChI=1S/C11H10N2O3/c1-7-11(8(2)14)13(16)10-6-4-3-5-9(10)12(7)15/h3-6H,1-2H3",0.608,0.392,CC(=O)c1c(C)n([O-])c2ccccc2[n+]1=O,CC(C)=O,CC(C)O,323.15,-0.219700129,10.1016/j.molliq.2020.112619,13.01680848,12.58895732,12.84567073,12.84567073,CC(C)=O,440.01352,11.598891,0.1138161190474207,1.0457383394241333
"InChI=1S/C11H10N2O3/c1-7-11(8(2)14)13(16)10-6-4-3-5-9(10)12(7)15/h3-6H,1-2H3",0.707,0.293,CC(=O)c1c(C)n([O-])c2ccccc2[n+]1=O,CC(C)=O,CC(C)O,293.15,-0.777371535,10.1016/j.molliq.2020.112619,13.62629871,13.09112089,13.46501308,13.46501308,CC(C)=O,440.01352,11.598891,-0.27850298469262413,1.1384353637695312
"InChI=1S/C11H10N2O3/c1-7-11(8(2)14)13(16)10-6-4-3-5-9(10)12(7)15/h3-6H,1-2H3",0.707,0.293,CC(=O)c1c(C)n([O-])c2ccccc2[n+]1=O,CC(C)=O,CC(C)O,298.15,-0.659773094,10.1016/j.molliq.2020.112619,13.52721472,13.00993867,13.37144144,13.37144144,CC(C)=O,440.01352,11.598891,-0.2052152026707444,1.116586446762085
"InChI=1S/C11H10N2O3/c1-7-11(8(2)14)13(16)10-6-4-3-5-9(10)12(7)15/h3-6H,1-2H3",0.707,0.293,CC(=O)c1c(C)n([O-])c2ccccc2[n+]1=O,CC(C)=O,CC(C)O,303.15,-0.55159245,10.1016/j.molliq.2020.112619,13.42718462,12.92780494,13.27691511,13.27691511,CC(C)=O,440.01352,11.598891,-0.13236028680363596,1.0904778242111206
"InChI=1S/C11H10N2O3/c1-7-11(8(2)14)13(16)10-6-4-3-5-9(10)12(7)15/h3-6H,1-2H3",0.707,0.293,CC(=O)c1c(C)n([O-])c2ccccc2[n+]1=O,CC(C)=O,CC(C)O,308.15,-0.445150466,10.1016/j.molliq.2020.112619,13.32617061,12.84468178,13.18139617,13.18139617,CC(C)=O,440.01352,11.598891,-0.061850525567464794,1.0653712749481201
"InChI=1S/C11H10N2O3/c1-7-11(8(2)14)13(16)10-6-4-3-5-9(10)12(7)15/h3-6H,1-2H3",0.707,0.293,CC(=O)c1c(C)n([O-])c2ccccc2[n+]1=O,CC(C)=O,CC(C)O,313.15,-0.340654968,10.1016/j.molliq.2020.112619,13.22413242,12.76052875,13.0848442,13.0848442,CC(C)=O,440.01352,11.598891,0.007767521174847745,1.037984848022461
"InChI=1S/C11H10N2O3/c1-7-11(8(2)14)13(16)10-6-4-3-5-9(10)12(7)15/h3-6H,1-2H3",0.707,0.293,CC(=O)c1c(C)n([O-])c2ccccc2[n+]1=O,CC(C)=O,CC(C)O,318.15,-0.237831239,10.1016/j.molliq.2020.112619,13.12102703,12.67530267,12.98721606,12.98721606,CC(C)=O,440.01352,11.598891,0.07840874621751728,1.0043039321899414
"InChI=1S/C11H10N2O3/c1-7-11(8(2)14)13(16)10-6-4-3-5-9(10)12(7)15/h3-6H,1-2H3",0.707,0.293,CC(=O)c1c(C)n([O-])c2ccccc2[n+]1=O,CC(C)=O,CC(C)O,323.15,-0.136675539,10.1016/j.molliq.2020.112619,13.01680848,12.58895732,12.8884656,12.8884656,CC(C)=O,440.01352,11.598891,0.14660264554545652,0.972928524017334
"InChI=1S/C11H10N2O3/c1-7-11(8(2)14)13(16)10-6-4-3-5-9(10)12(7)15/h3-6H,1-2H3",0.8053,0.1946999999999999,CC(=O)c1c(C)n([O-])c2ccccc2[n+]1=O,CC(C)=O,CC(C)O,293.15,-0.692973929,10.1016/j.molliq.2020.112619,13.62629871,13.09112089,13.51869629,13.51869629,CC(C)=O,440.01352,11.598891,-0.24280410592882015,1.0527797937393188
"InChI=1S/C11H10N2O3/c1-7-11(8(2)14)13(16)10-6-4-3-5-9(10)12(7)15/h3-6H,1-2H3",0.8053,0.1946999999999999,CC(=O)c1c(C)n([O-])c2ccccc2[n+]1=O,CC(C)=O,CC(C)O,298.15,-0.574161423,10.1016/j.molliq.2020.112619,13.52721472,13.00993867,13.42330112,13.42330112,CC(C)=O,440.01352,11.598891,-0.16980162704075638,1.0331416130065918
"InChI=1S/C11H10N2O3/c1-7-11(8(2)14)13(16)10-6-4-3-5-9(10)12(7)15/h3-6H,1-2H3",0.8053,0.1946999999999999,CC(=O)c1c(C)n([O-])c2ccccc2[n+]1=O,CC(C)=O,CC(C)O,303.15,-0.466012468,10.1016/j.molliq.2020.112619,13.42718462,12.92780494,13.32695342,13.32695342,CC(C)=O,440.01352,11.598891,-0.0988987519951413,1.0134189128875732
"InChI=1S/C11H10N2O3/c1-7-11(8(2)14)13(16)10-6-4-3-5-9(10)12(7)15/h3-6H,1-2H3",0.8053,0.1946999999999999,CC(=O)c1c(C)n([O-])c2ccccc2[n+]1=O,CC(C)=O,CC(C)O,308.15,-0.36138891,10.1016/j.molliq.2020.112619,13.32617061,12.84468178,13.22961533,13.22961533,CC(C)=O,440.01352,11.598891,-0.02838049186413017,0.9899579882621765
"InChI=1S/C11H10N2O3/c1-7-11(8(2)14)13(16)10-6-4-3-5-9(10)12(7)15/h3-6H,1-2H3",0.8053,0.1946999999999999,CC(=O)c1c(C)n([O-])c2ccccc2[n+]1=O,CC(C)=O,CC(C)O,313.15,-0.260725612,10.1016/j.molliq.2020.112619,13.22413242,12.76052875,13.13124645,13.13124645,CC(C)=O,440.01352,11.598891,0.04164604558506691,0.9634959101676941
"InChI=1S/C11H10N2O3/c1-7-11(8(2)14)13(16)10-6-4-3-5-9(10)12(7)15/h3-6H,1-2H3",0.8053,0.1946999999999999,CC(=O)c1c(C)n([O-])c2ccccc2[n+]1=O,CC(C)=O,CC(C)O,318.15,-0.163762101,10.1016/j.molliq.2020.112619,13.12102703,12.67530267,13.03180369,13.03180369,CC(C)=O,440.01352,11.598891,0.11022449065605727,0.9365648031234741
"InChI=1S/C11H10N2O3/c1-7-11(8(2)14)13(16)10-6-4-3-5-9(10)12(7)15/h3-6H,1-2H3",0.8053,0.1946999999999999,CC(=O)c1c(C)n([O-])c2ccccc2[n+]1=O,CC(C)=O,CC(C)O,323.15,-0.052479065,10.1016/j.molliq.2020.112619,13.01680848,12.58895732,12.93124093,12.93124093,CC(C)=O,440.01352,11.598891,0.1753950105587844,0.9135398864746094
"InChI=1S/C11H10N2O3/c1-7-11(8(2)14)13(16)10-6-4-3-5-9(10)12(7)15/h3-6H,1-2H3",0.903,0.097,CC(=O)c1c(C)n([O-])c2ccccc2[n+]1=O,CC(C)=O,CC(C)O,293.15,-0.55749786,10.1016/j.molliq.2020.112619,13.62629871,13.09112089,13.57247767,13.57247767,CC(C)=O,440.01352,11.598891,-0.20869582999224298,0.9771327972412109
"InChI=1S/C11H10N2O3/c1-7-11(8(2)14)13(16)10-6-4-3-5-9(10)12(7)15/h3-6H,1-2H3",0.903,0.097,CC(=O)c1c(C)n([O-])c2ccccc2[n+]1=O,CC(C)=O,CC(C)O,298.15,-0.453989271,10.1016/j.molliq.2020.112619,13.52721472,13.00993867,13.47524439,13.47524439,CC(C)=O,440.01352,11.598891,-0.13710306318432003,0.9619192481040955
"InChI=1S/C11H10N2O3/c1-7-11(8(2)14)13(16)10-6-4-3-5-9(10)12(7)15/h3-6H,1-2H3",0.903,0.097,CC(=O)c1c(C)n([O-])c2ccccc2[n+]1=O,CC(C)=O,CC(C)O,303.15,-0.354073777,10.1016/j.molliq.2020.112619,13.42718462,12.92780494,13.37706145,13.37706145,CC(C)=O,440.01352,11.598891,-0.06587442996763924,0.942745566368103
"InChI=1S/C11H10N2O3/c1-7-11(8(2)14)13(16)10-6-4-3-5-9(10)12(7)15/h3-6H,1-2H3",0.903,0.097,CC(=O)c1c(C)n([O-])c2ccccc2[n+]1=O,CC(C)=O,CC(C)O,308.15,-0.255798529,10.1016/j.molliq.2020.112619,13.32617061,12.84468178,13.27789101,13.27789101,CC(C)=O,440.01352,11.598891,0.004299349359075413,0.9215497970581055
"InChI=1S/C11H10N2O3/c1-7-11(8(2)14)13(16)10-6-4-3-5-9(10)12(7)15/h3-6H,1-2H3",0.903,0.097,CC(=O)c1c(C)n([O-])c2ccccc2[n+]1=O,CC(C)=O,CC(C)O,313.15,-0.159257453,10.1016/j.molliq.2020.112619,13.22413242,12.76052875,13.17769273,13.17769273,CC(C)=O,440.01352,11.598891,0.07183367239045373,0.9019775390625
"InChI=1S/C11H10N2O3/c1-7-11(8(2)14)13(16)10-6-4-3-5-9(10)12(7)15/h3-6H,1-2H3",0.903,0.097,CC(=O)c1c(C)n([O-])c2ccccc2[n+]1=O,CC(C)=O,CC(C)O,318.15,-0.064362078,10.1016/j.molliq.2020.112619,13.12102703,12.67530267,13.07642355,13.07642355,CC(C)=O,440.01352,11.598891,0.13907324360024662,0.8793739080429077
"InChI=1S/C11H10N2O3/c1-7-11(8(2)14)13(16)10-6-4-3-5-9(10)12(7)15/h3-6H,1-2H3",0.903,0.097,CC(=O)c1c(C)n([O-])c2ccccc2[n+]1=O,CC(C)=O,CC(C)O,323.15,0.013879082,10.1016/j.molliq.2020.112619,13.01680848,12.58895732,12.97403744,12.97403744,CC(C)=O,440.01352,11.598891,0.19876943498756539,0.8685364127159119
"InChI=1S/C11H10N2O3/c1-7-11(8(2)14)13(16)10-6-4-3-5-9(10)12(7)15/h3-6H,1-2H3",0.1205,0.8795,CC(=O)c1c(C)n([O-])c2ccccc2[n+]1=O,CCCO,CCCCO,293.15,-1.541021334,10.1016/j.molliq.2020.112619,13.37501999,10.90387454,11.1521592,11.1521592,CCCO,440.01352,11.598891,-0.6842025818786358,2.3997178077697754
"InChI=1S/C11H10N2O3/c1-7-11(8(2)14)13(16)10-6-4-3-5-9(10)12(7)15/h3-6H,1-2H3",0.1205,0.8795,CC(=O)c1c(C)n([O-])c2ccccc2[n+]1=O,CCCO,CCCCO,298.15,-1.449749588,10.1016/j.molliq.2020.112619,13.30387411,10.8474779,11.09431349,11.09431349,CCCO,440.01352,11.598891,-0.5985061610203685,2.29142427444458
"InChI=1S/C11H10N2O3/c1-7-11(8(2)14)13(16)10-6-4-3-5-9(10)12(7)15/h3-6H,1-2H3",0.1205,0.8795,CC(=O)c1c(C)n([O-])c2ccccc2[n+]1=O,CCCO,CCCCO,303.15,-1.361694298,10.1016/j.molliq.2020.112619,13.23197371,10.79058048,11.0359438,11.0359438,CCCO,440.01352,11.598891,-0.5144023292127641,2.184596300125122
"InChI=1S/C11H10N2O3/c1-7-11(8(2)14)13(16)10-6-4-3-5-9(10)12(7)15/h3-6H,1-2H3",0.1205,0.8795,CC(=O)c1c(C)n([O-])c2ccccc2[n+]1=O,CCCO,CCCCO,308.15,-1.27466965,10.1016/j.molliq.2020.112619,13.15929234,10.73316659,10.97703346,10.97703346,CCCO,440.01352,11.598891,-0.432965511314051,2.085160732269287
"InChI=1S/C11H10N2O3/c1-7-11(8(2)14)13(16)10-6-4-3-5-9(10)12(7)15/h3-6H,1-2H3",0.1205,0.8795,CC(=O)c1c(C)n([O-])c2ccccc2[n+]1=O,CCCO,CCCCO,313.15,-1.188087771,10.1016/j.molliq.2020.112619,13.08580205,10.67521973,10.91756494,10.91756494,CCCO,440.01352,11.598891,-0.3526460804398021,1.9859204292297363
"InChI=1S/C11H10N2O3/c1-7-11(8(2)14)13(16)10-6-4-3-5-9(10)12(7)15/h3-6H,1-2H3",0.1205,0.8795,CC(=O)c1c(C)n([O-])c2ccccc2[n+]1=O,CCCO,CCCCO,318.15,-1.108144927,10.1016/j.molliq.2020.112619,13.0114732,10.61672252,10.85751976,10.85751976,CCCO,440.01352,11.598891,-0.2757983353235004,1.8979588747024536
"InChI=1S/C11H10N2O3/c1-7-11(8(2)14)13(16)10-6-4-3-5-9(10)12(7)15/h3-6H,1-2H3",0.1205,0.8795,CC(=O)c1c(C)n([O-])c2ccccc2[n+]1=O,CCCO,CCCCO,323.15,-1.026683634,10.1016/j.molliq.2020.112619,12.93627436,10.55765665,10.79687841,10.79687841,CCCO,440.01352,11.598891,-0.20194947648270634,1.8185701370239258
"InChI=1S/C11H10N2O3/c1-7-11(8(2)14)13(16)10-6-4-3-5-9(10)12(7)15/h3-6H,1-2H3",0.2357,0.7643,CC(=O)c1c(C)n([O-])c2ccccc2[n+]1=O,CCCO,CCCCO,293.15,-1.495924519,10.1016/j.molliq.2020.112619,13.37501999,10.90387454,11.4003307,11.4003307,CCCO,440.01352,11.598891,-0.670751956302277,2.378307580947876
"InChI=1S/C11H10N2O3/c1-7-11(8(2)14)13(16)10-6-4-3-5-9(10)12(7)15/h3-6H,1-2H3",0.2357,0.7643,CC(=O)c1c(C)n([O-])c2ccccc2[n+]1=O,CCCO,CCCCO,298.15,-1.411321423,10.1016/j.molliq.2020.112619,13.30387411,10.8474779,11.34102925,11.34102925,CCCO,440.01352,11.598891,-0.5847142871058202,2.269162893295288
"InChI=1S/C11H10N2O3/c1-7-11(8(2)14)13(16)10-6-4-3-5-9(10)12(7)15/h3-6H,1-2H3",0.2357,0.7643,CC(=O)c1c(C)n([O-])c2ccccc2[n+]1=O,CCCO,CCCCO,303.15,-1.328552136,10.1016/j.molliq.2020.112619,13.23197371,10.79058048,11.28118012,11.28118012,CCCO,440.01352,11.598891,-0.5001529930873961,2.161060333251953
"InChI=1S/C11H10N2O3/c1-7-11(8(2)14)13(16)10-6-4-3-5-9(10)12(7)15/h3-6H,1-2H3",0.2357,0.7643,CC(=O)c1c(C)n([O-])c2ccccc2[n+]1=O,CCCO,CCCCO,308.15,-1.248409523,10.1016/j.molliq.2020.112619,13.15929234,10.73316659,11.22076564,11.22076564,CCCO,440.01352,11.598891,-0.4188898091257717,2.0634851455688477
"InChI=1S/C11H10N2O3/c1-7-11(8(2)14)13(16)10-6-4-3-5-9(10)12(7)15/h3-6H,1-2H3",0.2357,0.7643,CC(=O)c1c(C)n([O-])c2ccccc2[n+]1=O,CCCO,CCCCO,313.15,-1.172748373,10.1016/j.molliq.2020.112619,13.08580205,10.67521973,11.15976721,11.15976721,CCCO,440.01352,11.598891,-0.33854588815455666,1.965128779411316
"InChI=1S/C11H10N2O3/c1-7-11(8(2)14)13(16)10-6-4-3-5-9(10)12(7)15/h3-6H,1-2H3",0.2357,0.7643,CC(=O)c1c(C)n([O-])c2ccccc2[n+]1=O,CCCO,CCCCO,318.15,-1.090831437,10.1016/j.molliq.2020.112619,13.0114732,10.61672252,11.09816521,11.09816521,CCCO,440.01352,11.598891,-0.2619256480108954,1.879034161567688
"InChI=1S/C11H10N2O3/c1-7-11(8(2)14)13(16)10-6-4-3-5-9(10)12(7)15/h3-6H,1-2H3",0.2357,0.7643,CC(=O)c1c(C)n([O-])c2ccccc2[n+]1=O,CCCO,CCCCO,323.15,-1.014191118,10.1016/j.molliq.2020.112619,12.93627436,10.55765665,11.03593894,11.03593894,CCCO,440.01352,11.598891,-0.1876764412554087,1.7987385988235474
"InChI=1S/C11H10N2O3/c1-7-11(8(2)14)13(16)10-6-4-3-5-9(10)12(7)15/h3-6H,1-2H3",0.3458,0.6542,CC(=O)c1c(C)n([O-])c2ccccc2[n+]1=O,CCCO,CCCCO,293.15,-1.477380281,10.1016/j.molliq.2020.112619,13.37501999,10.90387454,11.64806234,11.64806234,CCCO,440.01352,11.598891,-0.6577215847351069,2.358163356781006
"InChI=1S/C11H10N2O3/c1-7-11(8(2)14)13(16)10-6-4-3-5-9(10)12(7)15/h3-6H,1-2H3",0.3458,0.6542,CC(=O)c1c(C)n([O-])c2ccccc2[n+]1=O,CCCO,CCCCO,298.15,-1.394438489,10.1016/j.molliq.2020.112619,13.30387411,10.8474779,11.58730042,11.58730042,CCCO,440.01352,11.598891,-0.5714335153902488,2.248612880706787
"InChI=1S/C11H10N2O3/c1-7-11(8(2)14)13(16)10-6-4-3-5-9(10)12(7)15/h3-6H,1-2H3",0.3458,0.6542,CC(=O)c1c(C)n([O-])c2ccccc2[n+]1=O,CCCO,CCCCO,303.15,-1.314040546,10.1016/j.molliq.2020.112619,13.23197371,10.79058048,11.52596664,11.52596664,CCCO,440.01352,11.598891,-0.48632745936569066,2.138770341873169
"InChI=1S/C11H10N2O3/c1-7-11(8(2)14)13(16)10-6-4-3-5-9(10)12(7)15/h3-6H,1-2H3",0.3458,0.6542,CC(=O)c1c(C)n([O-])c2ccccc2[n+]1=O,CCCO,CCCCO,308.15,-1.236511702,10.1016/j.molliq.2020.112619,13.15929234,10.73316659,11.46404232,11.46404232,CCCO,440.01352,11.598891,-0.40523108767531685,2.0429508686065674
"InChI=1S/C11H10N2O3/c1-7-11(8(2)14)13(16)10-6-4-3-5-9(10)12(7)15/h3-6H,1-2H3",0.3458,0.6542,CC(=O)c1c(C)n([O-])c2ccccc2[n+]1=O,CCCO,CCCCO,313.15,-1.161282338,10.1016/j.molliq.2020.112619,13.08580205,10.67521973,11.40150778,11.40150778,CCCO,440.01352,11.598891,-0.32489041067986096,1.9455512762069702
"InChI=1S/C11H10N2O3/c1-7-11(8(2)14)13(16)10-6-4-3-5-9(10)12(7)15/h3-6H,1-2H3",0.3458,0.6542,CC(=O)c1c(C)n([O-])c2ccccc2[n+]1=O,CCCO,CCCCO,318.15,-1.082722911,10.1016/j.molliq.2020.112619,13.0114732,10.61672252,11.33834222,11.33834222,CCCO,440.01352,11.598891,-0.24846053769547552,1.861092448234558
"InChI=1S/C11H10N2O3/c1-7-11(8(2)14)13(16)10-6-4-3-5-9(10)12(7)15/h3-6H,1-2H3",0.3458,0.6542,CC(=O)c1c(C)n([O-])c2ccccc2[n+]1=O,CCCO,CCCCO,323.15,-1.007883641,10.1016/j.molliq.2020.112619,12.93627436,10.55765665,11.2745237,11.2745237,CCCO,440.01352,11.598891,-0.17382559035261014,1.7799429893493652
"InChI=1S/C11H10N2O3/c1-7-11(8(2)14)13(16)10-6-4-3-5-9(10)12(7)15/h3-6H,1-2H3",0.4512,0.5488,CC(=O)c1c(C)n([O-])c2ccccc2[n+]1=O,CCCO,CCCCO,293.15,-1.47745854,10.1016/j.molliq.2020.112619,13.37501999,10.90387454,11.89551991,11.89551991,CCCO,440.01352,11.598891,-0.64505147069929,2.339017868041992
"InChI=1S/C11H10N2O3/c1-7-11(8(2)14)13(16)10-6-4-3-5-9(10)12(7)15/h3-6H,1-2H3",0.4512,0.5488,CC(=O)c1c(C)n([O-])c2ccccc2[n+]1=O,CCCO,CCCCO,298.15,-1.394140045,10.1016/j.molliq.2020.112619,13.30387411,10.8474779,11.83329185,11.83329185,CCCO,440.01352,11.598891,-0.5585234258031821,2.2290914058685303
"InChI=1S/C11H10N2O3/c1-7-11(8(2)14)13(16)10-6-4-3-5-9(10)12(7)15/h3-6H,1-2H3",0.4512,0.5488,CC(=O)c1c(C)n([O-])c2ccccc2[n+]1=O,CCCO,CCCCO,303.15,-1.312205955,10.1016/j.molliq.2020.112619,13.23197371,10.79058048,11.77046727,11.77046727,CCCO,440.01352,11.598891,-0.47289436951308916,2.11761736869812
"InChI=1S/C11H10N2O3/c1-7-11(8(2)14)13(16)10-6-4-3-5-9(10)12(7)15/h3-6H,1-2H3",0.4512,0.5488,CC(=O)c1c(C)n([O-])c2ccccc2[n+]1=O,CCCO,CCCCO,308.15,-1.232583396,10.1016/j.molliq.2020.112619,13.15929234,10.73316659,11.70702644,11.70702644,CCCO,440.01352,11.598891,-0.39195851108186347,2.0234577655792236
"InChI=1S/C11H10N2O3/c1-7-11(8(2)14)13(16)10-6-4-3-5-9(10)12(7)15/h3-6H,1-2H3",0.4512,0.5488,CC(=O)c1c(C)n([O-])c2ccccc2[n+]1=O,CCCO,CCCCO,313.15,-1.14084542,10.1016/j.molliq.2020.112619,13.08580205,10.67521973,11.64294858,11.64294858,CCCO,440.01352,11.598891,-0.31162021448357724,1.9269620180130005
"InChI=1S/C11H10N2O3/c1-7-11(8(2)14)13(16)10-6-4-3-5-9(10)12(7)15/h3-6H,1-2H3",0.4512,0.5488,CC(=O)c1c(C)n([O-])c2ccccc2[n+]1=O,CCCO,CCCCO,318.15,-1.077220216,10.1016/j.molliq.2020.112619,13.0114732,10.61672252,11.57821172,11.57821172,CCCO,440.01352,11.598891,-0.23537285374684822,1.8440477848052979
"InChI=1S/C11H10N2O3/c1-7-11(8(2)14)13(16)10-6-4-3-5-9(10)12(7)15/h3-6H,1-2H3",0.4512,0.5488,CC(=O)c1c(C)n([O-])c2ccccc2[n+]1=O,CCCO,CCCCO,323.15,-1.002305576,10.1016/j.molliq.2020.112619,12.93627436,10.55765665,11.51279262,11.51279262,CCCO,440.01352,11.598891,-0.160365769308672,1.7620929479599
"InChI=1S/C11H10N2O3/c1-7-11(8(2)14)13(16)10-6-4-3-5-9(10)12(7)15/h3-6H,1-2H3",0.5522,0.4478,CC(=O)c1c(C)n([O-])c2ccccc2[n+]1=O,CCCO,CCCCO,293.15,-1.487549325,10.1016/j.molliq.2020.112619,13.37501999,10.90387454,12.1427172,12.1427172,CCCO,440.01352,11.598891,-0.6327230899556882,2.3207993507385254
"InChI=1S/C11H10N2O3/c1-7-11(8(2)14)13(16)10-6-4-3-5-9(10)12(7)15/h3-6H,1-2H3",0.5522,0.4478,CC(=O)c1c(C)n([O-])c2ccccc2[n+]1=O,CCCO,CCCCO,298.15,-1.399454458,10.1016/j.molliq.2020.112619,13.30387411,10.8474779,12.07901726,12.07901726,CCCO,440.01352,11.598891,-0.5459647442246842,2.210524082183838
"InChI=1S/C11H10N2O3/c1-7-11(8(2)14)13(16)10-6-4-3-5-9(10)12(7)15/h3-6H,1-2H3",0.5522,0.4478,CC(=O)c1c(C)n([O-])c2ccccc2[n+]1=O,CCCO,CCCCO,303.15,-1.31498218,10.1016/j.molliq.2020.112619,13.23197371,10.79058048,12.01469566,12.01469566,CCCO,440.01352,11.598891,-0.4599176478021553,2.09792423248291
"InChI=1S/C11H10N2O3/c1-7-11(8(2)14)13(16)10-6-4-3-5-9(10)12(7)15/h3-6H,1-2H3",0.5522,0.4478,CC(=O)c1c(C)n([O-])c2ccccc2[n+]1=O,CCCO,CCCCO,308.15,-1.231560357,10.1016/j.molliq.2020.112619,13.15929234,10.73316659,11.94973161,11.94973161,CCCO,440.01352,11.598891,-0.3790517446398015,2.0049285888671875
"InChI=1S/C11H10N2O3/c1-7-11(8(2)14)13(16)10-6-4-3-5-9(10)12(7)15/h3-6H,1-2H3",0.5522,0.4478,CC(=O)c1c(C)n([O-])c2ccccc2[n+]1=O,CCCO,CCCCO,313.15,-1.159365031,10.1016/j.molliq.2020.112619,13.08580205,10.67521973,11.88410319,11.88410319,CCCO,440.01352,11.598891,-0.2987150161723711,1.909287929534912
"InChI=1S/C11H10N2O3/c1-7-11(8(2)14)13(16)10-6-4-3-5-9(10)12(7)15/h3-6H,1-2H3",0.5522,0.4478,CC(=O)c1c(C)n([O-])c2ccccc2[n+]1=O,CCCO,CCCCO,318.15,-1.07133939,10.1016/j.molliq.2020.112619,13.0114732,10.61672252,11.81778722,11.81778722,CCCO,440.01352,11.598891,-0.2226429093087041,1.8278347253799438
"InChI=1S/C11H10N2O3/c1-7-11(8(2)14)13(16)10-6-4-3-5-9(10)12(7)15/h3-6H,1-2H3",0.5522,0.4478,CC(=O)c1c(C)n([O-])c2ccccc2[n+]1=O,CCCO,CCCCO,323.15,-0.992917968,10.1016/j.molliq.2020.112619,12.93627436,10.55765665,11.75075915,11.75075915,CCCO,440.01352,11.598891,-0.14759744982112635,1.7464078664779663
"InChI=1S/C11H10N2O3/c1-7-11(8(2)14)13(16)10-6-4-3-5-9(10)12(7)15/h3-6H,1-2H3",0.6491,0.3509,CC(=O)c1c(C)n([O-])c2ccccc2[n+]1=O,CCCO,CCCCO,293.15,-1.495318349,10.1016/j.molliq.2020.112619,13.37501999,10.90387454,12.38973294,12.38973294,CCCO,440.01352,11.598891,-0.6207157815079916,2.3034372329711914
"InChI=1S/C11H10N2O3/c1-7-11(8(2)14)13(16)10-6-4-3-5-9(10)12(7)15/h3-6H,1-2H3",0.6491,0.3509,CC(=O)c1c(C)n([O-])c2ccccc2[n+]1=O,CCCO,CCCCO,298.15,-1.405438072,10.1016/j.molliq.2020.112619,13.30387411,10.8474779,12.32455494,12.32455494,CCCO,440.01352,11.598891,-0.5337360865691406,2.192836284637451
