Structure,rexp,Subset,Inchi,SMILES,rho_R,Eelstat,r_predicted
"(E)-1,2,-Dichloroethene",1.2565,Halogen,InChI=1S/C2H2Cl2/c3-1-2-4/h1-2H/b2-1+,Cl/C=C/Cl,1.114989290839494,0.004353492718957374,1.249796353995666
(E)-2-Butenal,0.8516,Overall,"InChI=1S/C4H6O/c1-2-3-4-5/h2-4H,1H3/b3-2-",C/C=C\C=O,0.721870234475529,0.02386269922555117,0.8803648694673527
(Z)-2-Pentene,0.6556,CH,"InChI=1S/C5H10/c1-3-5-4-2/h3,5H,4H2,1-2H3/b5-3-",C/C=C\CC,0.6810482358025157,0.004763855805185794,0.8352107408266544
"1,1,1,2-Tetrachloroethane",1.5406,Halogen,"InChI=1S/C2H2Cl4/c3-1-2(4,5)6/h1H2",ClCC(Cl)(Cl)Cl,1.2667671088584935,0.013576923523459869,1.3978159019198682
"1,1,1-Trichloroethane",1.339,Halogen,"InChI=1S/C2H3Cl3/c1-2(3,4)5/h1H3",CC(Cl)(Cl)Cl,1.2158671784438937,0.011318629677932233,1.3484447565224662
"1,1,2,2-Tetrachloroethane",1.5953,Halogen,InChI=1S/C2H2Cl4/c3-1(4)2(5)6/h1-2H,ClC(Cl)C(Cl)Cl,1.2667671088584935,0.01327348344593311,1.3977183418289987
"1,1,2-Trichloroethane",1.4397,Halogen,"InChI=1S/C2H3Cl3/c3-1-2(4)5/h2H,1H2",ClCC(Cl)Cl,1.2158671784438937,0.01086908364874523,1.3483002213911317
"1,1-Dichloroethane",1.1757,Halogen,"InChI=1S/C2H4Cl2/c1-2(3)4/h2H,1H3",CC(Cl)Cl,1.1384113819743895,0.00862269935936124,1.2735534587384725
"1,1-Dichloroethene",1.213,Halogen,InChI=1S/C2H2Cl2/c1-2(3)4/h1H2,C=C(Cl)Cl,1.114989290839494,0.006196649659850471,1.2503889538925086
"1,2,3-Trichlorobenzene",1.4533,Halogen,InChI=1S/C6H3Cl3/c7-4-2-1-3-5(8)6(4)9/h1-3H,Clc1cccc(Cl)c1Cl,0.9429057295023314,0.004519393075050936,1.0853894002625293
"1,2,3-Trimethylbenzene",0.8944,CH,"InChI=1S/C9H12/c1-7-5-4-6-8(2)9(7)3/h4-6H,1-3H3",Cc1cccc(C)c1C,0.6484000909593348,0.0024543202210274197,0.8032663555271288
"1,2,4-Trichlorobenzene",1.459,Halogen,InChI=1S/C6H3Cl3/c7-4-1-2-5(8)6(9)3-4/h1-3H,Clc1ccc(Cl)c(Cl)c1,0.9429057295023314,0.0037434484284319005,1.0851399235590864
"1,2,4-Trimethylbenzene",0.8758,CH,"InChI=1S/C9H12/c1-7-4-5-8(2)9(3)6-7/h4-6H,1-3H3",Cc1ccc(C)c(C)c1,0.6484000909593348,0.0024445792232016964,0.8032632236645192
"1,2-Dibromoethane",2.1791,Halogen,InChI=1S/C2H4Br2/c3-1-2-4/h1-2H2,BrCCBr,1.9730631441763535,0.004305835055867192,2.0698423794543075
"1,2-Dichlorobenzene",1.3059,Halogen,InChI=1S/C6H4Cl2/c7-5-3-1-2-4-6(5)8/h1-4H,Clc1ccccc1Cl,0.8669241454205826,0.003947591126148649,1.0125899435565184
"1,2-Dichloroethane",1.2351,Halogen,InChI=1S/C2H4Cl2/c3-1-2-4/h1-2H2,ClCCCl,1.1384113819743895,0.008509535952471083,1.2735170751719072
"1,2-Dichloropropane",1.156,Halogen,"InChI=1S/C3H6Cl2/c1-3(5)2-4/h3H,2H2,1H3",CC(Cl)CCl,1.0501465063611708,0.0072493763265385845,1.1887571580595917
"1,3,5-Cycloheptatriene",0.8875,CH,"InChI=1S/C7H8/c1-2-4-6-7-5-3-1/h1-6H,7H2",C1=CC=CCC=C1,0.6390720495755688,0.0042627751796155385,0.7949329873076239
"1,3,5-Trimethylbenzene",0.8652,CH,"InChI=1S/C9H12/c1-7-4-8(2)6-9(3)5-7/h4-6H,1-3H3",Cc1cc(C)cc(C)c1,0.6484000909593348,0.002439490931371874,0.8032615877098447
"1,3-Dichlorobenzene",1.2884,Halogen,InChI=1S/C6H4Cl2/c7-5-2-1-3-6(8)4-5/h1-4H,Clc1cccc(Cl)c1,0.8669241454205827,0.0032057512617426572,1.0123514320020397
"1,3-Dichloropropane",1.1876,Halogen,InChI=1S/C3H6Cl2/c4-2-1-3-5/h1-3H2,ClCCCCl,1.0501465063611708,0.006772389227802244,1.1886038002530832
"1,4-Dichlorobenzene",1.2475,Halogen,InChI=1S/C6H4Cl2/c7-5-1-2-6(8)4-3-5/h1-4H,Clc1ccc(Cl)cc1,0.8669241454205827,0.0030756160045447628,1.0123095917559488
"1,4-Dichlorobutane",1.1408,Halogen,InChI=1S/C4H8Cl2/c5-3-1-2-4-6/h1-4H2,ClCCCCCl,0.9904384055320945,0.0060121640322017104,1.1312963340241753
"1,4-Dioxane",1.0337,CH,InChI=1S/C4H8O2/c1-2-6-4-3-5-1/h1-4H2,C1COCCO1,0.7880218814181654,0.05057018832272255,0.9521728304116731
"1,4-Methylnaphthalene",1.0157,CH,"InChI=1S/C12H12/c1-9-7-8-10(2)12-6-4-3-5-11(9)12/h3-8H,1-2H3",Cc1ccc(C)c2ccccc12,0.6320760185377444,0.002295524322230173,0.7876143813178701
"1,4-Pentadiene",0.6608,CH,"InChI=1S/C5H8/c1-3-5-4-2/h3-4H,1-2,5H2",C=CCC=C,0.6614593488966072,0.007381641802291472,0.8173312914319295
"1,5-Hexadiene",0.6878,CH,"InChI=1S/C6H10/c1-3-5-6-4-2/h3-4H,1-2,5-6H2",C=CCCC=C,0.6647241633809253,0.006667466668131822,0.8202218582983809
1-Bromo-2methylpropane,1.272,Halogen,"InChI=1S/C4H9Br/c1-4(2)3-5/h4H,3H2,1-2H3",CC(C)CBr,1.249437890536795,0.0035340082858966657,1.3780254314663563
1-Bromobutane,1.2578,Halogen,"InChI=1S/C4H9Br/c1-2-3-4-5/h2-4H2,1H3",CCCCBr,1.249437890536795,0.003575454715054614,1.3780387570541555
1-Bromoheptane,1.133,Halogen,"InChI=1S/C7H15Br/c1-2-3-4-5-6-7-8/h2-7H2,1H3",CCCCCCCBr,1.0437169891673832,0.0033016679380022786,1.1813432255659806
1-Bromohexane,1.1725,Halogen,"InChI=1S/C6H13Br/c1-2-3-4-5-6-7/h2-6H2,1H3",CCCCCCBr,1.0934743263436757,0.003367397178369008,1.228917455195095
1-Bromooctane,1.108,Halogen,"InChI=1S/C8H17Br/c1-2-3-4-5-6-7-8-9/h2-8H2,1H3",CCCCCCCCBr,1.0046731153236133,0.003250541264334316,1.1440125498442293
1-Bromopentane,1.218,Halogen,"InChI=1S/C5H11Br/c1-2-3-4-5-6/h2-5H2,1H3",CCCCCBr,1.1590559030637453,0.003454913080947313,1.2916219183317301
1-Bromopropane,1.353,Halogen,"InChI=1S/C3H7Br/c1-2-3-4/h2-3H2,1H3",CCCBr,1.3819682912111704,0.0037364824866430568,1.5047498592880533
1-Butanol,0.8098,O,"InChI=1S/C4H10O/c1-2-3-4-5/h5H,2-4H2,1H3",CCCCO,0.7634178942423205,0.033410854728833275,0.9231418371573525
1-Chloro-2-propene,0.935,Halogen,"InChI=1S/C3H5Cl/c1-2-3-4/h2H,1,3H2",C=CCCl,0.9028375717680094,0.008216305546774914,1.048284861529094
1-Chlorobutane,0.8919,Halogen,"InChI=1S/C4H9Cl/c1-2-3-4-5/h2-4H2,1H3",CCCCCl,0.878510640491547,0.005088461209248488,1.0240299643120279
1-Chloroheptane,0.8758,Halogen,"InChI=1S/C7H15Cl/c1-2-3-4-5-6-7-8/h2-7H2,1H3",CCCCCCCCl,0.8052937618404241,0.004247879175401361,0.9537863206879726
1-Chlorohexane,0.8759,Halogen,"InChI=1S/C6H13Cl/c1-2-3-4-5-6-7/h2-6H2,1H3",CCCCCCCl,0.8228156982499338,0.004448779213630986,0.9705966307933424
1-Chloropentane,0.882,Halogen,"InChI=1S/C5H11Cl/c1-2-3-4-5-6/h2-5H2,1H3",CCCCCCl,0.8460911565679159,0.004716471298435415,0.9929270574491906
1-Chloropropane,0.882,Halogen,"InChI=1S/C3H7Cl/c1-2-3-4/h2-3H2,1H3",CCCCl,0.9267798559996272,0.005619242206339237,1.0703315162067877
1-Cyanobutane,0.8014,Overall,"InChI=1S/C5H9N/c1-2-3-4-5-6/h2-4H2,1H3",CCCCC#N,0.7010648913199756,0.008897040364510066,0.8556695371498285
1-Cyanopropane,0.794,Overall,"InChI=1S/C4H7N/c1-2-3-4-5/h2-3H2,1H3",CCCC#N,0.7052718708900357,0.010082298026415554,0.8600712247172064
1-Ethylnaphthalene,1.0082,CH,"InChI=1S/C12H12/c1-2-10-7-5-8-11-6-3-4-9-12(10)11/h3-9H,2H2,1H3",CCc1cccc2ccccc12,0.6320760185377444,0.002538990724971063,0.7876926590607729
1-Heptanol,0.8219,O,"InChI=1S/C7H16O/c1-2-3-4-5-6-7-8/h8H,2-7H2,1H3",CCCCCCCO,0.7313873809425069,0.021950925724320006,0.8888457471420609
1-Heptene,0.697,CH,"InChI=1S/C7H14/c1-3-5-7-6-4-2/h3H,1,4-7H2,2H3",C=CCCCCC,0.6810482358025156,0.0047207711969283654,0.8351968885421079
1-Heptyne,0.7369,CH,"InChI=1S/C7H12/c1-3-5-7-6-4-2/h1H,4-7H2,2H3",C#CCCCCC,0.6670561737268668,0.005411718547410479,0.8220468210255081
1-Hexanol,0.8186,O,"InChI=1S/C6H14O/c1-2-3-4-5-6-7/h7H,2-6H2,1H3",CCCCCCO,0.7388841272125299,0.024680825340020186,0.896888088671774
1-Hexene,0.6732,CH,"InChI=1S/C6H12/c1-3-5-6-4-2/h3H,1,4-6H2,2H3",C=CCCCC,0.6810482358025157,0.005033342923541602,0.8352973845817221
1-Hexyne,0.7149,CH,"InChI=1S/C6H10/c1-3-5-6-4-2/h1H,4-6H2,2H3",C#CCCCC,0.6647241633809253,0.005838073051053344,0.8199551970277001
1-Iodobutane,1.617,Halogen,"InChI=1S/C4H9I/c1-2-3-4-5/h2-4H2,1H3",CCCCI,1.6089743031699724,0.0033578193568456543,1.7215778036208165
1-Iodoheptane,1.3791,Halogen,"InChI=1S/C7H15I/c1-2-3-4-5-6-7-8/h2-7H2,1H3",CCCCCCCI,1.283620298272144,0.0031655338822844034,1.410575095661393
1-Iodohexane,1.4414,Halogen,"InChI=1S/C6H13I/c1-2-3-4-5-6-7/h2-6H2,1H3",CCCCCCI,1.3633661915915167,0.0032118158330782035,1.4868031416454508
1-Iodopentane,1.5161,Halogen,"InChI=1S/C5H11I/c1-2-3-4-5-6/h2-5H2,1H3",CCCCCI,1.4674391284926622,0.0032734119648226093,1.586285471614803
1-Iodopropane,1.7471,Halogen,"InChI=1S/C3H7I/c1-2-3-4/h2-3H2,1H3",CCCI,1.8126387421505197,0.0034660620574417417,1.9162547489445285
1-Methylnaphthalene,1.0203,CH,"InChI=1S/C11H10/c1-9-5-4-7-10-6-2-3-8-11(9)10/h2-8H,1H3",Cc1cccc2ccccc12,0.6276239987864015,0.0025108877906299468,0.783428827447364
1-Naphthol,1.0954,O,"InChI=1S/C10H8O/c11-10-7-3-5-8-4-1-2-6-9(8)10/h1-7,11H",Oc1cccc2ccccc12,0.6533057978000011,0.026635831219597738,0.8157294234999188
1-Naphthylamine,1.1229,N,"InChI=1S/C10H9N/c11-10-7-3-5-8-4-1-2-6-9(8)10/h1-7H,11H2",Nc1cccc2ccccc12,0.6462398822358807,0.016514959469345534,0.8057225294085254
1-Nitropropane,1.003,N,"InChI=1S/C3H7NO2/c1-2-3-4(5)6/h2-3H2,1H3",CCC[N+](=O)[O-],0.8341111884568564,0.030867248750207927,0.9898856284074182
1-Nonanol,0.8274,O,"InChI=1S/C9H20O/c1-2-3-4-5-6-7-8-9-10/h10H,2-9H2,1H3",CCCCCCCCCO,0.7210239869908802,0.018129046259913555,0.8777126635698168
1-Nonene,0.7292,CH,"InChI=1S/C9H18/c1-3-5-7-9-8-6-4-2/h3H,1,4-9H2,2H3",C=CCCCCCCC,0.6810482358025157,0.004303194391079277,0.8350626319486624
1-Octanol,0.8246,O,"InChI=1S/C8H18O/c1-2-3-4-5-6-7-8-9/h9H,2-8H2,1H3",CCCCCCCCO,0.7256110980314667,0.01982765953272776,0.8826426936325825
1-Octene,0.7144,CH,"InChI=1S/C8H16/c1-3-5-7-8-6-4-2/h3H,1,4-8H2,2H3",C=CCCCCCC,0.6810482358025156,0.0044859011490485205,0.8351213746436129
1-Octyne,0.746,CH,"InChI=1S/C8H14/c1-3-5-7-8-6-4-2/h1H,4-8H2,2H3",C#CCCCCCC,0.6688051814863228,0.005090554738888698,0.8236150895701994
1-Pentanol,0.8144,O,"InChI=1S/C5H12O/c1-2-3-4-5-6/h6H,2-5H2,1H3",CCCCCO,0.7490044989619611,0.028320364643947965,0.9077302910493532
1-Pentene,0.6405,CH,"InChI=1S/C5H10/c1-3-5-4-2/h3H,1,4-5H2,2H3",C=CCCC,0.6810482358025157,0.005465608941859543,0.8354363639557408
1-Pentyne,0.7127,CH,"InChI=1S/C5H8/c1-3-5-4-2/h1H,4-5H2,2H3",C#CCCC,0.6614593488966072,0.0064173155144409385,0.8170212474817785
1-Propanol,0.8044,O,"InChI=1S/C3H8O/c1-2-3-4/h4H,2-3H2,1H3",CCCO,0.7855912759312168,0.041004817984462094,0.9467745042805911
"2,2,4-Trimethylpentane",0.6919,CH,"InChI=1S/C8H18/c1-7(2)6-8(3,4)5/h7H,6H2,1-5H3",CC(C)CC(C)(C)C,0.6932912901187085,0.003059614024875569,0.8463634934179527
"2,2,5-Trimethylhexane",0.716,CH,"InChI=1S/C9H20/c1-8(2)6-7-9(3,4)5/h8H,6-7H2,1-5H3",CC(C)CCC(C)(C)C,0.6919309507502426,0.003032474609678414,0.8450546911304783
"2,2-Dimethylbutane",0.6492,CH,"InChI=1S/C6H14/c1-5-6(2,3)4/h5H2,1-4H3",CCC(C)(C)C,0.6973723082241061,0.003197856997762689,0.8503081701991151
"2,2-Dimethylpentane",0.6738,CH,"InChI=1S/C7H16/c1-5-6-7(2,3)4/h5-6H2,1-4H3",CCCC(C)(C)C,0.6950402978781646,0.003152323618669903,0.8480648278617419
"2,3-Dimethylbutane",0.6616,CH,"InChI=1S/C6H14/c1-5(2)6(3)4/h5-6H,1-4H3",CC(C)C(C)C,0.6973723082241061,0.003275986396093082,0.8503332898578722
"2,3-Dimethylnaphthalene",1.008,CH,"InChI=1S/C12H12/c1-9-7-11-5-3-4-6-12(11)8-10(9)2/h3-8H,1-2H3",Cc1cc2ccccc2cc1C,0.6320760185377444,0.002253994301870749,0.7876010288543686
"2,3-Dimethylpentane",0.6951,CH,"InChI=1S/C7H16/c1-5-7(4)6(2)3/h6-7H,5H2,1-4H3",CCC(C)C(C)C,0.6950402978781646,0.003221224588222938,0.8480869804557742
"2,3-dimethyl-1,3-butadiene",0.7264,CH,"InChI=1S/C6H10/c1-5(2)6(3)4/h1,3H2,2,4H3",C=C(C)C(=C)C,0.6647241633809253,0.004645221163453397,0.8195716790049768
"2,4-Dimethylpentane",0.6727,CH,"InChI=1S/C7H16/c1-6(2)5-7(3)4/h6-7H,5H2,1-4H3",CC(C)CC(C)C,0.6950402978781646,0.003217229645000311,0.8480856960274713
"2,4-Dimethylphenol",1.036,O,"InChI=1S/C8H10O/c1-6-3-4-8(9)7(2)5-6/h3-5,9H,1-2H3",Cc1ccc(O)c(C)c1,0.680655645424463,0.03149502478590039,0.8434299746615003
"2,4-Dimethylpyridine",0.9273,N,"InChI=1S/C7H9N/c1-6-3-4-8-7(2)5-6/h3-5H,1-2H3",Cc1ccnc(C)c1,0.6706545680327591,0.009755126896863099,0.826882271717889
"2,4-dimethyl-3-pentanone",0.8062,Overall,"InChI=1S/C7H14O/c1-5(2)7(8)6(3)4/h5-6H,1-4H3",CC(C)C(=O)C(C)C,0.7186917250733258,0.015140603761895058,0.8745228957022262
"2,6-Dimethylaniline",0.976,N,"InChI=1S/C8H11N/c1-6-4-3-5-7(2)8(6)9/h3-5H,9H2,1-2H3",Cc1cccc(C)c1N,0.671841335674731,0.019420080635564885,0.8311238791900433
"2,6-Dimethylpyridine",0.942,N,"InChI=1S/C7H9N/c1-6-4-3-5-7(2)8-6/h3-5H,1-2H3",Cc1cccc(C)n1,0.6706545680327591,0.00967503970963713,0.8268565226035105
2-Bromo-2-methylpropane,1.222,Halogen,"InChI=1S/C4H9Br/c1-4(2,3)5/h1-3H3",CC(C)(C)Br,1.249437890536795,0.00306766980908686,1.3778754973358869
2-Bromopropane,1.31,Halogen,"InChI=1S/C3H7Br/c1-3(2)4/h3H,1-2H3",CC(C)Br,1.3819682912111704,0.0034311933635742644,1.504651704704022
2-Butanol,0.806,O,"InChI=1S/C4H10O/c1-3-4(2)5/h4-5H,3H2,1-2H3",CCC(C)O,0.7634178942423205,0.0327530693871208,0.9229303502692884
2-Chloro-2-methylpropane,0.847,Halogen,"InChI=1S/C4H9Cl/c1-4(2,3)5/h1-3H3",CC(C)(C)Cl,0.878510640491547,0.004444845752927823,1.0238230332338545
2-Chloroaniline,1.213,Halogen,"InChI=1S/C6H6ClN/c7-5-3-1-2-4-6(5)8/h1-4H,8H2",Nc1ccccc1Cl,0.786372930862963,0.02271823904655456,0.9416421494803703
2-Chlorobutane,0.8707,Halogen,"InChI=1S/C4H9Cl/c1-3-4(2)5/h4H,3H2,1-2H3",CCC(C)Cl,0.878510640491547,0.00483958062085637,1.023949945835177
2-Chlorophenol,1.235,Halogen,"InChI=1S/C6H5ClO/c7-5-3-1-2-4-6(5)8/h1-4,8H",Oc1ccccc1Cl,0.7968472130841472,0.03706662387325134,0.9562656229048185
2-Chloropropane,0.859,Halogen,"InChI=1S/C3H7Cl/c1-3(2)4/h3H,1-2H3",CC(C)Cl,0.9267798559996272,0.005215950479486776,1.0702018524595354
2-Chloropyridine,1.205,Halogen,InChI=1S/C5H4ClN/c6-5-3-1-2-4-7-5/h1-4H,Clc1ccccn1,0.8017514491167201,0.01241133504899258,0.9530255932566492
2-Chlorotoluene,1.0817,Halogen,"InChI=1S/C7H7Cl/c1-6-4-2-3-5-7(6)8/h2-5H,1H3",Cc1ccccc1Cl,0.7568714758274099,0.0030269717430603015,0.9071165942947079
2-Decanone,0.823,Overall,"InChI=1S/C10H20O/c1-3-4-5-6-7-8-9-10(2)11/h3-9H2,1-2H3",CCCCCCCCC(C)=O,0.7081520531007661,0.011613080999610408,0.8633159828539572
2-Ethyltoluene,0.8807,CH,"InChI=1S/C9H12/c1-3-9-7-5-4-6-8(9)2/h4-7H,3H2,1-2H3",CCc1ccccc1C,0.6484000909593348,0.0028030253043848327,0.8033784689298681
2-Heptanone,0.822,Overall,"InChI=1S/C7H14O/c1-3-4-5-6-7(2)8/h3-6H2,1-2H3",CCCCCC(C)=O,0.7186917250733258,0.01490235613971684,0.8744462958678912
2-Hexanone,0.83,Overall,"InChI=1S/C6H12O/c1-3-4-5-6(2)7/h3-5H2,1-2H3",CCCCC(C)=O,0.7242977735470693,0.016624310770341672,0.8803576291955054
2-Methoxyaniline,1.0923,N,"InChI=1S/C7H9NO/c1-9-7-5-3-2-4-6(7)8/h2-5H,8H2,1H3",COc1ccccc1N,0.7058073692277222,0.04903065260546713,0.8731054236021772
2-Methoxyethanol,0.937,Overall,"InChI=1S/C3H8O2/c1-5-3-2-4/h4H,2-3H2,1H3",COCCO,0.8342829801644434,0.062374886346207026,1.0001799416026986
"2-Methyl-1,3-butadiene",0.6809,CH,"InChI=1S/C5H8/c1-4-5(2)3/h4H,1-2H2,3H3",C=CC(=C)C,0.6614593488966072,0.005723596163462988,0.816798207323501
2-Methyl-1-butanol,0.8193,O,"InChI=1S/C5H12O/c1-3-5(2)4-6/h5-6H,3-4H2,1-2H3",CCC(C)CO,0.7490044989619611,0.028322555675526898,0.9077309954956533
2-Methyl-1-propanol,0.805,O,"InChI=1S/C4H10O/c1-4(2)3-5/h4-5H,3H2,1-2H3",CC(C)CO,0.7634178942423205,0.033373346127207965,0.9231297776343891
2-Methyl-2-butanol,0.809,O,"InChI=1S/C5H12O/c1-4-5(2,3)6/h6H,4H2,1-3H3",CCC(C)(C)O,0.7490044989619611,0.0272122461883578,0.9073740159715761
2-Methyl-2-butene,0.6623,CH,"InChI=1S/C5H10/c1-4-5(2)3/h4H,1-3H3",CC=C(C)C,0.6810482358025157,0.004106553431286927,0.8349994092192775
2-Methyl-2-pentanol,0.809,O,"InChI=1S/C6H14O/c1-4-5-6(2,3)7/h7H,4-5H2,1-3H3",CCCC(C)(C)O,0.7388841272125299,0.023764170696791747,0.8965933718004293
2-Methyl-2-propanol,0.7887,O,"InChI=1S/C4H10O/c1-4(2,3)5/h5H,1-3H3",CC(C)(C)O,0.7634178942423205,0.03197824490472766,0.9226812337138013
2-Methyl-3-pentanol,0.8243,O,"InChI=1S/C6H14O/c1-4-6(7)5(2)3/h5-7H,4H2,1-3H3",CCC(O)C(C)C,0.7388841272125299,0.024290666117328392,0.8967626472023096
2-Methylbutane,0.6197,CH,"InChI=1S/C5H12/c1-4-5(2)3/h5H,4H2,1-3H3",CCC(C)C,0.7006371227084242,0.003454307822668925,0.8535108064452559
2-Methylpentane,0.6599,CH,"InChI=1S/C6H14/c1-4-5-6(2)3/h6H,4-5H2,1-3H3",CCCC(C)C,0.6973723082241061,0.0033550477185709474,0.8503587091428528
2-Methylpyridine,0.95,N,"InChI=1S/C6H7N/c1-6-4-2-3-5-7-6/h2-5H,1H3",Cc1ccccn1,0.669116579899474,0.011159187940317599,0.8258638407849122
2-Methylthiophene,1.0194,S,"InChI=1S/C5H6S/c1-5-3-2-4-6-5/h2-4H,1H3",Cc1cccs1,0.7698232591901856,0.004709401711589054,0.9200355401666599
2-Naphthol,1.217,O,"InChI=1S/C10H8O/c11-10-6-5-8-3-1-2-4-9(8)7-10/h1-7,11H",Oc1ccc2ccccc2c1,0.6533057978000011,0.026231500847934505,0.8155994258143057
2-Naphthylamine,1.0614,N,"InChI=1S/C10H9N/c11-10-6-5-8-3-1-2-4-9(8)7-10/h1-7H,11H2",Nc1ccc2ccccc2c1,0.6462398822358807,0.016300082118182554,0.8056534434325524
2-Nitropropane,0.992,N,"InChI=1S/C3H7NO2/c1-3(2)4(5)6/h3H,1-2H3",CC(C)[N+](=O)[O-],0.8341111884568564,0.030518784711468072,0.989773592503785
2-Nonanone,0.8188,Overall,"InChI=1S/C9H18O/c1-3-4-5-6-7-8-9(2)10/h3-8H2,1-2H3",CCCCCCCC(C)=O,0.7109420044941951,0.012490236372798844,0.8662643572632683
2-Octanone,0.8202,Overall,"InChI=1S/C8H16O/c1-3-4-5-6-7-8(2)9/h3-7H2,1-2H3",CCCCCCC(C)=O,0.7143722348797158,0.013562313158620314,0.8698873163011978
2-Pentanol,0.8103,O,"InChI=1S/C5H12O/c1-3-4-5(2)6/h5-6H,3-4H2,1-2H3",CCCC(C)O,0.7490044989619611,0.02780345481212597,0.9075640975439503
2-Phenylethanol,0.958,O,"InChI=1S/C8H10O/c9-7-6-8-4-2-1-3-5-8/h1-5,9H,6-7H2",OCCc1ccccc1,0.680655645424463,0.019964966864148878,0.83972290502276
2-Propenol,0.7851,O,"InChI=1S/C3H6O/c1-2-3-4/h2,4H,1,3H2",C=CCO,0.7592252648020853,0.04305272768493222,0.9222349330108828
2-Undecanone,0.826,Overall,"InChI=1S/C11H22O/c1-3-4-5-6-7-8-9-10-11(2)12/h3-10H2,1-2H3",CCCCCCCCCC(C)=O,0.7058384139972128,0.010882118145100927,0.8608698230653854
2-Pentanone,0.8089,Overall,"InChI=1S/C5H10O/c1-3-4-5(2)6/h3-4H2,1-2H3",CCCC(C)=O,0.7318657627194494,0.018908821546771048,0.8883248590422931
3-Chloroaniline,1.216,Halogen,"InChI=1S/C6H6ClN/c7-5-2-1-3-6(8)4-5/h1-4H,8H2",Nc1cccc(Cl)c1,0.7863729308629632,0.02202761904517125,0.9414201058049259
3-Chlorophenol,1.268,Halogen,"InChI=1S/C6H5ClO/c7-5-2-1-3-6(8)4-5/h1-4,8H",Oc1cccc(Cl)c1,0.7968472130841472,0.03576829102239056,0.9558481913251102
3-Ethylphenol,1.025,O,"InChI=1S/C8H10O/c1-2-7-4-3-5-8(9)6-7/h3-6,9H,2H2,1H3",CCc1cccc(O)c1,0.680655645424463,0.03172948041195579,0.843505355317771
3-Ethylpyridine,0.95,N,"InChI=1S/C7H9N/c1-2-7-4-3-5-8-6-7/h3-6H,2H2,1H3",CCc1cccnc1,0.6706545680327591,0.0102592877432922,0.8270443662519774
3-Hexanol,0.8188,O,"InChI=1S/C6H14O/c1-3-5-6(7)4-2/h6-7H,3-5H2,1-2H3",CCCC(O)CC,0.7388841272125299,0.024312664438603974,0.896769719960266
3-Methoxyaniline,1.096,N,"InChI=1S/C7H9NO/c1-9-7-4-2-3-6(8)5-7/h2-5H,8H2,1H3",COc1cccc(N)c1,0.7058073692277222,0.048049400947831174,0.8727899379166176
3-Methyl-1-butanol,0.8129,O,"InChI=1S/C5H12O/c1-5(2)3-4-6/h5-6H,3-4H2,1-2H3",CC(C)CCO,0.7490044989619611,0.028270081526544883,0.9077141243467112
3-Methyl-1-butene,0.648,Overall,"InChI=1S/C5H10/c1-4-5(2)3/h4-5H,1H2,2-3H3",C=CC(C)C,0.6810482358025157,0.005283074238966035,0.8353776765788252
3-Methylbutanoic acid,0.9332,Overall,"InChI=1S/C5H10O2/c1-4(2)3-5(6)7/h4H,3H2,1-2H3,(H,6,7)",CC(C)CC(=O)O,0.7713841939389263,0.05693430495924172,0.938318338874717
3-Methylheptane,0.7058,Overall,"InChI=1S/C8H18/c1-4-6-7-8(3)5-2/h8H,4-7H2,1-3H3",CCCCC(C)CC,0.6932912901187085,0.0032312484381112156,0.846418676204248
3-Methylhexane,0.6868,Overall,"InChI=1S/C7H16/c1-4-6-7(3)5-2/h7H,4-6H2,1-3H3",CCCC(C)CC,0.6950402978781646,0.003286502277742304,0.8481079681162479
3-Methylpentane,0.6643,Overall,"InChI=1S/C6H14/c1-4-6(3)5-2/h6H,4-5H2,1-3H3",CCC(C)CC,0.6973723082241061,0.0033573022674027397,0.8503594340108093
3-Methylpyridine,0.9613,N,"InChI=1S/C6H7N/c1-6-3-2-4-7-5-6/h2-5H,1H3",Cc1cccnc1,0.669116579899474,0.011304568908559808,0.8259105827333983
3-Nitrotoluene,1.1581,N,"InChI=1S/C7H7NO2/c1-6-3-2-4-7(5-6)8(9)10/h2-5H,1H3",Cc1cccc([N+](=O)[O-])c1,0.7248297954892077,0.02204134516533163,0.8826077325263955
3-Pentanol,0.815,O,"InChI=1S/C5H12O/c1-3-5(6)4-2/h5-6H,3-4H2,1-2H3",CCC(O)CC,0.7490044989619611,0.027855047099710525,0.9075806851625204
3-Phenyl-1-propanol,0.995,Overall,"InChI=1S/C9H12O/c10-8-4-7-9-5-2-1-3-6-9/h1-3,5-6,10H,4,7-8H2",OCCCc1ccccc1,0.6806960570041398,0.01811443045857122,0.8391665538827018
3-Methyl-2-butanone,0.8046,Overall,"InChI=1S/C5H10O/c1-4(2)5(3)6/h4H,1-3H3",CC(=O)C(C)C,0.7318657627194494,0.018937851531601373,0.88833419257523
3-Pentanone,0.8159,Overall,"InChI=1S/C5H10O/c1-3-5(6)4-2/h3-4H2,1-2H3",CCC(=O)CC,0.7318657627194494,0.01901353535502178,0.8883585259485617
4-Bromotoluene,1.3898,Halogen,"InChI=1S/C7H7Br/c1-6-2-4-7(8)5-3-6/h2-5H,1H3",Cc1ccc(Br)cc1,0.996450782055868,0.0023010241969651053,1.135849181760292
4-Ethylpyridine,0.9417,N,"InChI=1S/C7H9N/c1-2-7-3-5-8-6-4-7/h3-6H,2H2,1H3",CCc1ccncc1,0.6706545680327591,0.010196631380443444,0.8270242213834983
4-Ethyltoluene,0.8612,CH,"InChI=1S/C9H12/c1-3-9-6-4-8(2)5-7-9/h4-7H,3H2,1-2H3",CCc1ccc(C)cc1,0.6484000909593348,0.002790490383210548,0.8033744387830964
4-Heptanone,0.8174,Overall,"InChI=1S/C7H14O/c1-3-5-7(8)6-4-2/h3-6H2,1-2H3",CCCC(=O)CCC,0.7186917250733258,0.015089317240854582,0.8745064063917374
4-Isopropyltoluene,0.8586,CH,"InChI=1S/C10H14/c1-8(2)10-6-4-9(3)5-7-10/h4-8H,1-3H3",Cc1ccc(C(C)C)cc1,0.651664905443653,0.002744668444431114,0.8064798902455632
4-Methoxyaniline,1.071,N,"InChI=1S/C7H9NO/c1-9-7-4-2-6(8)3-5-7/h2-5H,8H2,1H3",COc1ccc(N)cc1,0.7058073692277222,0.047774760364501186,0.8727016372528276
4-Methyl-2-pentanol,0.813,O,"InChI=1S/C6H14O/c1-5(2)4-6(3)7/h5-7H,4H2,1-3H3",CC(C)CC(C)O,0.7388841272125299,0.02420103917697547,0.8967338309282153
4-Methyl-2-pentanone,0.8017,Overall,"InChI=1S/C6H12O/c1-5(2)4-6(3)7/h5H,4H2,1-3H3",CC(=O)CC(C)C,0.7242977735470693,0.01661399497578901,0.8803543125279705
4-Methylacetophenone,0.9891,Overall,"InChI=1S/C9H10O/c1-7-3-5-9(6-4-7)8(2)10/h3-6H,1-2H3",CC(=O)c1ccc(C)cc1,0.6706140745074548,0.012870706611703892,0.8278452730841284
4-Methylbenzaldehyde,1.0194,Overall,"InChI=1S/C8H8O/c1-7-2-4-8(6-9)5-3-7/h2-6H,1H3",Cc1ccc(C=O)cc1,0.6694167822727121,0.014185210409186447,0.8271236514210527
4-Methylpyridine,0.9571,N,"InChI=1S/C6H7N/c1-6-2-4-7-5-3-6/h2-5H,1H3",Cc1ccncc1,0.669116579899474,0.011251324207327497,0.8258934638414811
4-n-Propylphenol,1.089,O,"InChI=1S/C9H12O/c1-2-3-8-4-6-9(10)7-5-8/h4-7,10H,2-3H2,1H3",CCCc1ccc(O)cc1,0.6806960570041398,0.028822621860235702,0.8426093823142956
4-tert-Butylphenol,0.9081,O,"InChI=1S/C10H14O/c1-10(2,3)8-4-6-9(11)7-5-8/h4-7,11H,1-3H3",CC(C)(C)c1ccc(O)cc1,0.6807289254503835,0.026317250343717444,0.841835283851202
5-Nonanone,0.818,Overall,"InChI=1S/C9H18O/c1-3-5-7-9(10)8-6-4-2/h3-8H2,1-2H3",CCCCC(=O)CCCC,0.7109420044941951,0.012654958569061717,0.8663173176782755
Acetaldehyde,0.7834,Overall,"InChI=1S/C2H4O/c1-2-3/h2H,1H3",CC=O,0.7880218814181654,0.035289878056866036,0.9472600038984406
Acetic acid,1.0492,Overall,"InChI=1S/C2H4O2/c1-2(3)4/h1H3,(H,3,4)",CC(=O)O,0.8504044925007783,0.09666186109395263,1.026611000398423
Acetonitrile,0.7857,N,InChI=1S/C2H3N/c1-2-3/h1H3,CC#N,0.7228381907542392,0.014489862004216389,0.8782764514771202
Acetophenone,1.0281,Overall,"InChI=1S/C8H8O/c1-7(9)8-5-3-2-4-6-8/h2-6H,1H3",CC(=O)c1ccccc1,0.6694167822727121,0.014349686445848022,0.8271765326924172
Benzaldehyde,1.0415,Overall,InChI=1S/C7H6O/c8-6-7-4-2-1-3-5-7/h1-6H,O=Cc1ccccc1,0.6679091015966016,0.016013444265055,0.8262705626295841
Benzene,0.8787,CH,InChI=1S/C6H6/c1-2-4-6-5-3-1/h1-6H,c1ccccc1,0.6320760185377444,0.003877374907244458,0.7881229676854777
Benzonitrile,1.0102,N,InChI=1S/C7H5N/c8-6-7-4-2-1-3-5-7/h1-5H,N#Cc1ccccc1,0.6454045307786087,0.008099354286478592,0.8022184529182751
Benzyl alcohol,1.0419,Overall,"InChI=1S/C7H8O/c8-6-7-4-2-1-3-5-7/h1-5,8H,6H2",OCc1ccccc1,0.6806047574657826,0.02206830452170705,0.8403505229086192
Biphenyl,0.992,CH,InChI=1S/C12H10/c1-3-7-11(8-4-1)12-9-5-2-6-10-12/h1-10H,c1ccc(-c2ccccc2)cc1,0.6239139823269492,0.0029545779297498118,0.7800258163810138
Bromobenzene,1.4951,Halogen,InChI=1S/C6H5Br/c7-6-4-2-1-3-5-6/h1-5H,Brc1ccccc1,1.039723301936842,0.002691345071182415,1.1773302308450915
Bromomethane,1.73,Halogen,InChI=1S/CH3Br/c1-2/h1H3,CBr,1.994460078571393,0.004697041699335832,2.0904172120346187
Butanoic acid,0.9577,Overall,"InChI=1S/C4H8O2/c1-2-3-4(5)6/h2-3H2,1H3,(H,5,6)",CCCC(=O)O,0.7880218814181654,0.06589238647084,0.9570991244458509
Butanone,0.8054,Overall,"InChI=1S/C4H8O/c1-3-4(2)5/h3H2,1-2H3",CCC(C)=O,0.7426440643589247,0.022027937376842548,0.8996285219545203
Butyl acetate,0.881,Overall,"InChI=1S/C6H12O2/c1-3-4-5-8-6(2)7/h3-5H2,1-2H3",CCCCOC(C)=O,0.7592252648020853,0.048630086552923134,0.9240281293559665
Butylamine,0.7401,N,"InChI=1S/C4H11N/c1-2-3-4-5/h2-5H2,1H3",CCCCN,0.7464426083998523,0.023651397235168067,0.9037807555431004
Butyraldehyde,0.817,Overall,"InChI=1S/C4H8O/c1-2-3-4-5/h4H,2-3H2,1H3",CCCC=O,0.7426440643589247,0.022601986186741706,0.8998130864145407
Chlorobenzene,1.1058,Halogen,InChI=1S/C6H5Cl/c7-6-4-2-1-3-5-6/h1-5H,Clc1ccccc1,0.7675645770797949,0.0034003422532755357,0.9174560369065788
Cycloheptanol,0.9554,O,"InChI=1S/C7H14O/c8-7-5-3-1-2-4-6-7/h7-8H,1-6H2",OC1CCCCCC1,0.7186917250733258,0.021219877270534884,0.8764774643958458
Cyclohexane,0.7785,CH,InChI=1S/C6H12/c1-2-4-6-5-3-1/h1-6H2,C1CCCCC1,0.6810482358025157,0.002841526734993944,0.834592686018939
Cyclohexanone,0.9478,Overall,InChI=1S/C6H10O/c7-6-4-2-1-3-5-6/h1-5H2,O=C1CCCCC1,0.7097114198816087,0.016355510626902773,0.8663310252853247
Cyclohexene,0.8102,CH,"InChI=1S/C6H10/c1-2-4-6-5-3-1/h1-2H,3-6H2",C1=CCCCC1,0.6647241633809253,0.0038405954248717056,0.8193129809423749
Cyclohexylamine,0.8191,N,"InChI=1S/C6H13N/c7-6-4-2-1-3-5-6/h6H,1-5,7H2",NC1CCCCC1,0.7125961430425474,0.016928377102592818,0.8692721400932482
Cyclopentane,0.7457,CH,InChI=1S/C5H10/c1-2-4-5-3-1/h1-5H2,C1CCCC1,0.6810482358025157,0.0028415267349939438,0.834592686018939
Cyclopentanol,0.9478,O,"InChI=1S/C5H10O/c6-5-3-1-2-4-5/h5-6H,1-4H2",OC1CCCC1,0.7318657627194494,0.027346179034987775,0.8910375836433343
Cyclopentanone,0.9487,Overall,InChI=1S/C5H8O/c6-5-3-1-2-4-5/h1-4H2,O=C1CCCC1,0.7147270264769376,0.018610208147658996,0.8718493572431238
Cyclopentene,0.772,CH,"InChI=1S/C5H8/c1-2-4-5-3-1/h1-2H,3-5H2",C1=CCCC1,0.6614593488966072,0.004048270530804595,0.8162595674632349
Decyl alcohol,0.8292,O,"InChI=1S/C10H22O/c1-2-3-4-5-6-7-8-9-10-11/h11H,2-10H2,1H3",CCCCCCCCCCO,0.7172930956508936,0.01673927175773891,0.8737002186847197
Di-n-Propylamine,0.7384,N,"InChI=1S/C6H15N/c1-3-5-7-6-4-2/h7H,3-6H2,1-2H3",CCCNCCC,0.7270893307569051,0.016058842793817245,0.8828437153563379
Di-n-butyl ether,0.769,Overall,"InChI=1S/C8H18O/c1-3-5-7-9-8-6-4-2/h3-8H2,1-2H3",CCCCOCCCC,0.7256110980314667,0.0184420061498841,0.8821971873202797
Di-n-butylamine,0.767,N,"InChI=1S/C8H19N/c1-3-5-7-9-8-6-4-2/h9H,3-8H2,1-2H3",CCCCNCCCC,0.7165752210310162,0.013144225495756737,0.8718582897523373
Di-n-propyl ether,0.736,Overall,"InChI=1S/C6H14O/c1-3-5-7-6-4-2/h3-6H2,1-2H3",CCCOCCC,0.7388841272125299,0.02284295484996046,0.8962971884404071
Di-n-propyl sulfide,0.8358,S,"InChI=1S/C6H14S/c1-3-5-7-6-4-2/h3-6H2,1-2H3",CCCSCCC,0.7983548743311458,0.005588273500420393,0.947585779462479
Dibromomethane,2.4969,Halogen,InChI=1S/CH2Br2/c2-1-3/h1H2,BrCBr,2.3342135172559733,0.005445275094073536,2.415360206435601
Dichloromethane,1.336,Halogen,InChI=1S/CH2Cl2/c2-1-3/h1H2,ClCCl,1.2821588918272475,0.011057285599558627,1.411715734201509
Diethyl disulfide,0.9927,S,"InChI=1S/C4H10S2/c1-3-5-6-4-2/h3-4H2,1-2H3",CCSSCC,0.9302177914944371,0.003995618925763215,1.0730951349714335
Diethyl ether,0.7135,Overall,"InChI=1S/C4H10O/c1-3-5-4-2/h3-4H2,1-2H3",CCOCC,0.7634178942423205,0.030643963935182976,0.9222522443275106
Diethyl sulfide,0.837,S,"InChI=1S/C4H10S/c1-3-5-4-2/h3-4H2,1-2H3",CCSCC,0.8435854123229178,0.006586477009957256,0.9911335493282004
Diethylamine,0.7056,N,"InChI=1S/C4H11N/c1-3-5-4-2/h5H,3-4H2,1-2H3",CCNCC,0.7464426083998524,0.02126773121486214,0.9030143746634257
Diisopropyl ether,0.7258,Overall,"InChI=1S/C6H14O/c1-5(2)7-6(3)4/h5-6H,1-4H3",CC(C)OC(C)C,0.7388841272125299,0.02185653677923007,0.8959800416831293
Diisopropyl sulfide,0.8135,S,"InChI=1S/C6H14S/c1-5(2)7-6(3)4/h5-6H,1-4H3",CC(C)SC(C)C,0.7983548743311458,0.005130662276865945,0.9474386512620226
Diisopropylamine,0.722,N,"InChI=1S/C6H15N/c1-5(2)7-6(3)4/h5-7H,1-4H3",CC(C)NC(C)C,0.7270893307569051,0.015366417619638459,0.8826210912934132
Ethanol,0.7893,O,"InChI=1S/C2H6O/c1-2-3/h3H,2H2,1H3",CCO,0.8240998491654626,0.053570085581342214,0.9876170587456595
Ethyl acetate,0.9003,Overall,"InChI=1S/C4H8O2/c1-3-6-4(2)5/h3H2,1-2H3",CCOC(C)=O,0.7880218814181654,0.0637199694790031,0.956400662987307
Ethyl benzoate,1.0468,Overall,"InChI=1S/C9H10O2/c1-2-11-9(10)8-6-4-3-5-7-8/h3-7H,2H2,1H3",CCOC(=O)c1ccccc1,0.6991741667083539,0.037885382596618805,0.8631827155499715
Ethyl phenyl ether,0.966,Overall,"InChI=1S/C8H10O/c1-2-9-8-6-4-3-5-7-8/h3-7H,2H2,1H3",CCOc1ccccc1,0.680655645424463,0.030863047646092028,0.8432267854595673
Ethylamine,0.6829,N,"InChI=1S/C2H7N/c1-2-3/h2-3H2,1H3",CCN,0.7938648248514013,0.037435112243341555,0.95353382788952
Ethylbenzene,0.867,Overall,"InChI=1S/C8H10/c1-2-8-6-4-3-5-7-8/h3-7H,2H2,1H3",CCc1ccccc1,0.6443190728539372,0.003196388646201976,0.799604710772218
Fluorobenzene,1.0225,Overall,InChI=1S/C6H5F/c7-6-4-2-1-3-5-6/h1-5H,Fc1ccccc1,0.7021162442338472,0.010028004019356189,0.8570379354519703
Heptanal,0.8132,Halogen,"InChI=1S/C7H14O/c1-2-3-4-5-6-7-8/h7H,2-6H2,1H3",CCCCCCC=O,0.7186917250733258,0.015201797856240835,0.8745425704315952
Hexanal,0.8335,Overall,"InChI=1S/C6H12O/c1-2-3-4-5-6-7/h6H,2-5H2,1H3",CCCCCC=O,0.7242977735470693,0.01696748944735504,0.8804679657838256
Hexanoic acid,0.9274,Overall,"InChI=1S/C6H12O2/c1-2-3-4-5-6(7)8/h2-5H2,1H3,(H,7,8)",CCCCCC(=O)O,0.7592252648020853,0.05014601068802527,0.9245155194778555
Hexyl acetate,0.8902,Overall,"InChI=1S/C8H16O2/c1-3-4-5-6-7-10-8(2)9/h3-7H2,1-2H3",CCCCCCOC(C)=O,0.7426440643589247,0.03947660060869493,0.9052385032869972
Hexylamine,0.763,N,"InChI=1S/C6H15N/c1-2-3-4-5-6-7/h2-7H2,1H3",CCCCCCN,0.7270893307569051,0.017707896962318823,0.8833739085853899
Indane,0.9639,CH,"InChI=1S/C9H10/c1-2-5-9-7-3-6-8(9)4-1/h1-2,4-5H,3,6-7H2",c1ccc2c(c1)CCC2,0.6375173760116079,0.0024590334427084673,0.7928672581056238
Iodobenzene,1.8308,Halogen,InChI=1S/C6H5I/c7-6-4-2-1-3-5-6/h1-5H,Ic1ccccc1,1.3115173461922969,0.0026095873707066473,1.4370575654426572
Iodoethane,1.9358,Halogen,"InChI=1S/C2H5I/c1-2-3/h2H2,1H3",CCI,2.1308452252751,0.0035646950103261133,2.220396458406163
Iodomethane,2.279,Halogen,InChI=1S/CH3I/c1-2/h1H3,CI,2.6980247961700567,0.004135274037652627,2.7626335331828336
Isoamyl acetate,0.874,Overall,"InChI=1S/C7H14O2/c1-6(2)4-5-9-7(3)8/h6H,4-5H2,1-3H3",CC(=O)OCCC(C)C,0.7499511538583816,0.04352248914387462,0.9135226980489787
Isoamyl formate,0.8773,Overall,"InChI=1S/C6H12O2/c1-6(2)3-4-8-5-7/h5-6H,3-4H2,1-2H3",CC(C)CCOC=O,0.7592252648020853,0.04856203720052074,0.9240062505683716
Isobutyl acetate,0.87,Overall,"InChI=1S/C6H12O2/c1-5(2)4-8-6(3)7/h5H,4H2,1-3H3",CC(=O)OCC(C)C,0.7592252648020853,0.04863028700090915,0.9240281938027063
Isobutyl formate,0.8776,Overall,"InChI=1S/C5H10O2/c1-5(2)3-7-4-6/h4-5H,3H2,1-2H3",CC(C)COC=O,0.7713841939389263,0.05511911669181028,0.9377347312848455
Isobutylbenzene,0.8532,CH,"InChI=1S/C10H14/c1-9(2)8-10-6-4-3-5-7-10/h3-7,9H,8H2,1-2H3",CC(C)Cc1ccccc1,0.651664905443653,0.003112359462873761,0.8065981078833371
Isobutyraldehyde,0.7891,Overall,"InChI=1S/C4H8O/c1-4(2)3-5/h3-4H,1-2H3",CC(C)C=O,0.7426440643589247,0.02262749973271131,0.8998212893648019
Isopropyl acetate,0.869,Overall,"InChI=1S/C5H10O2/c1-4(2)7-5(3)6/h4H,1-3H3",CC(=O)OC(C)C,0.7713841939389263,0.05453237943459154,0.9375460873173204
Isopropyl formate,0.8728,Overall,"InChI=1S/C4H8O2/c1-4(2)6-3-5/h3-4H,1-2H3",CC(C)OC=O,0.7880218814181654,0.06308376271694094,0.956196113904587
Isopropylbenzene,0.8618,Overall,"InChI=1S/C9H12/c1-8(2)9-6-4-3-5-7-9/h3-8H,1-2H3",CC(C)c1ccccc1,0.6484000909593348,0.003100316441474189,0.8034740520531837
Methanol,0.7914,O,"InChI=1S/CH4O/c1-2/h2H,1H3",CO,0.9075216406712343,0.0803622694210143,1.0759573307039512
Methyl acetate,0.9244,Overall,InChI=1S/C3H6O2/c1-3(4)5-2/h1-2H3,COC(C)=O,0.8121716215463598,0.0765465491296557,0.9836044932294664
Methyl benzoate,1.088,Overall,"InChI=1S/C8H8O2/c1-10-8(9)7-5-3-2-4-6-7/h2-6H,1H3",COC(=O)c1ccccc1,0.7010964045921332,0.041710468560148053,0.866249615564018
Methyl cyclohexanecarboxylate,0.9954,Overall,"InChI=1S/C8H14O2/c1-10-8(9)7-5-3-2-4-6-7/h7H,2-6H2,1H3",COC(=O)C1CCCCC1,0.7322571494172269,0.039947023925679434,0.8954629741247179
Methyl formate,0.9742,Overall,"InChI=1S/C2H4O2/c1-4-2-3/h2H,1H3",COC=O,0.8504044925007783,0.09488782259477561,1.026040623015856
Methyl pentanoate,0.895,Overall,"InChI=1S/C6H12O2/c1-3-4-5-6(7)8-2/h3-5H2,1-2H3",CCCCC(=O)OC,0.7592252648020853,0.049303152396264656,0.9242445291320697
Methyl phenyl ether,0.9954,Overall,"InChI=1S/C7H8O/c1-8-7-5-3-2-4-6-7/h2-6H,1H3",COc1ccccc1,0.6806047574657826,0.03478777102653195,0.8444400035010851
Methyl propanoate,0.9148,Overall,"InChI=1S/C4H8O2/c1-3-4(5)6-2/h3H2,1-2H3",CCC(=O)OC,0.7880218814181654,0.06463440581117703,0.956694666641631
Methyl tert-butyl ether,0.7405,Overall,"InChI=1S/C5H12O/c1-5(2,3)6-4/h1-4H3",COC(C)(C)C,0.7490044989619611,0.02542126582080642,0.9067981915490808
Methylcyclohexane,0.7694,Overall,"InChI=1S/C7H14/c1-7-5-3-2-4-6-7/h7H,2-6H2,1H3",CC1CCCCC1,0.6810482358025156,0.002782842419564066,0.8345738182174519
Methylcyclopentane,0.7486,Overall,"InChI=1S/C6H12/c1-6-4-2-3-5-6/h6H,2-5H2,1H3",CC1CCCC1,0.6810482358025157,0.002773063627289898,0.8345706742034159
Morpholine,1.0005,Overall,"InChI=1S/C4H9NO/c1-3-6-4-2-5-1/h5H,1-4H2",C1COCCN1,0.773069687371128,0.04143833726018462,0.9349470019786075
"N,N-dimethylformamide",0.994,N,"InChI=1S/C3H7NO/c1-4(2)3-5/h3H,1-2H3",CN(C)C=O,0.7936434263213825,0.04896948054092813,0.957030692754341
N-Methylmorpholine,0.9051,Overall,"InChI=1S/C5H11NO/c1-6-2-4-7-5-3-6/h2-5H2,1H3",CN1CCOCC1,0.7588529678259349,0.03467222977108827,0.9191846852400801
N-methylaniline,0.9891,N,"InChI=1S/C7H9N/c1-8-7-5-3-2-4-6-7/h2-6,8H,1H3",CNc1ccccc1,0.6706545680327591,0.02074178733968701,0.8304146317142691
N-methylpipyridine,0.8159,N,"InChI=1S/C6H13N/c1-7-5-3-2-4-6-7/h2-6H2,1H3",CN1CCCCC1,0.7125961430425474,0.01427136944308663,0.8684178761778975
Naphthalene,1.168,Overall,InChI=1S/C10H8/c1-2-6-10-8-4-3-7-9(10)5-1/h1-8H,c1ccc2ccccc2c1,0.6222815750847901,0.0027700311229648953,0.7784063901675629
Nitrobenzene,1.2037,N,InChI=1S/C6H5NO2/c8-7(9)6-4-2-1-3-5-6/h1-5H,O=[N+]([O-])c1ccccc1,0.7301771212121111,0.024455462541300148,0.8884943441593602
Nitroethane,1.0448,N,"InChI=1S/C2H5NO2/c1-2-3(4)5/h2H2,1H3",CC[N+](=O)[O-],0.8706629961394114,0.036121879222295136,1.0265076328970686
Nitromethane,1.1371,N,InChI=1S/CH3NO2/c1-2(3)4/h1H3,C[N+](=O)[O-],0.9301488269179718,0.04454443106940229,1.086066217295442
Nonanal,0.8264,Overall,"InChI=1S/C9H18O/c1-2-3-4-5-6-7-8-9-10/h9H,2-8H2,1H3",CCCCCCCCC=O,0.7109420044941951,0.01272974550024249,0.866341362688616
Octanal,0.8211,Overall,"InChI=1S/C8H16O/c1-2-3-4-5-6-7-8-9/h8H,2-7H2,1H3",CCCCCCCC=O,0.7143722348797158,0.013828436415933756,0.8699728785294228
Octylamine,0.7769,N,"InChI=1S/C8H19N/c1-2-3-4-5-6-7-8-9/h2-9H2,1H3",CCCCCCCCN,0.7165752210310162,0.01440426558087576,0.872263409689708
Pentachloroethane,1.6796,Overall,"InChI=1S/C2HCl5/c3-1(4)2(5,6)7/h1H",ClC(Cl)C(Cl)(Cl)Cl,1.3027696935805038,0.01596692815416383,1.4329919979494417
Pentanal,0.8185,Overall,"InChI=1S/C5H10O/c1-2-3-4-5-6/h5H,2-4H2,1H3",CCCCC=O,0.7318657627194494,0.019320667487858725,0.8884572730851718
Pentanoic acid,0.942,Overall,"InChI=1S/C5H10O2/c1-2-3-4-5(6)7/h2-4H2,1H3,(H,6,7)",CCCCC(=O)O,0.7713841939389263,0.05690228532719378,0.9383080441297458
Phenol,1.0545,O,"InChI=1S/C6H6O/c7-6-4-2-1-3-5-6/h1-5,7H",Oc1ccccc1,0.6805387125506873,0.04040022213529527,0.8461813633382564
Phenyl acetate,1.077,Overall,"InChI=1S/C8H8O2/c1-7(9)10-8-5-3-2-4-6-8/h2-6H,1H3",CC(=O)Oc1ccccc1,0.7010964045921332,0.036987233082497614,0.8647310314463453
Phenyl methyl sulfide,1.0579,S,"InChI=1S/C7H8S/c1-8-7-5-3-2-4-6-7/h2-6H,1H3",CSc1ccccc1,0.7361732483344342,0.004137930717314362,0.8876924826085814
Propanoic acid,0.993,Overall,"InChI=1S/C3H6O2/c1-2-3(4)5/h2H2,1H3,(H,4,5)",CCC(=O)O,0.8121716215463598,0.07833993819589244,0.984181092081182
Propanone,0.7908,Overall,InChI=1S/C3H6O/c1-3(2)4/h1-2H3,CC(C)=O,0.7592252648020853,0.02655528708047964,0.9169307826244122
Propanonitrile,0.7818,N,"InChI=1S/C3H5N/c1-2-3-4/h2H2,1H3",CCC#N,0.711717818186163,0.01173361032801723,0.8667625370475913
Propionaldehyde,0.807,Overall,"InChI=1S/C3H6O/c1-2-3-4/h3H,2H2,1H3",CCC=O,0.7592252648020853,0.02742992260625389,0.9172119897809213
Propyl acetate,0.9147,Overall,"InChI=1S/C5H10O2/c1-3-4-7-5(2)6/h3-4H2,1-2H3",CCCOC(C)=O,0.7713841939389263,0.055130002286714386,0.9377382311509036
Propylamine,0.719,N,"InChI=1S/C3H9N/c1-2-3-4/h2-4H2,1H3",CCCN,0.763844153531405,0.028829230555103336,0.9220761590753214
Propylbenzene,0.862,Overall,"InChI=1S/C9H12/c1-2-6-9-7-4-3-5-8-9/h3-5,7-8H,2,6H2,1H3",CCCc1ccccc1,0.6484000909593348,0.003175691593450633,0.8034982861844693
Pyridine,0.9772,N,InChI=1S/C5H5N/c1-2-4-6-5-3-1/h1-5H,c1ccncc1,0.6670443792392624,0.01314344441980305,0.8245214035198443
Quinoline,1.095,Overall,InChI=1S/C9H7N/c1-2-6-9-8(4-1)5-3-7-10-9/h1-7H,c1ccc2ncccc2c1,0.6426727082726839,0.008731010898598509,0.7998107357675183
Styrene,0.9074,CH,"InChI=1S/C8H8/c1-2-8-6-4-3-5-7-8/h2-7H,1H2",C=Cc1ccccc1,0.6320760185377444,0.003973268914664884,0.7881537989064359
Tetrachloroethylene,1.6311,Halogen,InChI=1S/C2Cl4/c3-1(4)2(5)6,ClC(Cl)=C(Cl)Cl,1.2513753258897395,0.009308181475641426,1.3817335136215814
Tetracloromethane,1.595,Halogen,"InChI=1S/CCl4/c2-1(3,4)5",ClC(Cl)(Cl)Cl,1.3759732652245593,0.01764715787422556,1.503492882156921
Tetrahydrofuran,0.889,CH,InChI=1S/C4H8O/c1-2-4-5-3-1/h1-4H2,C1CCOC1,0.7426440643589247,0.03027138774052961,0.902278902791206
Tetrahydropyran,0.881,Overall,InChI=1S/C5H10O/c1-2-4-6-5-3-1/h1-5H2,C1CCOCC1,0.7318657627194494,0.025662812061112372,0.8904963583830571
Thiophene,1.0644,S,InChI=1S/C4H4S/c1-2-4-5-3-1/h1-4H,c1ccsc1,0.7869379856814593,0.005745046687057931,0.9367250614667232
Thiophenol,1.078,S,"InChI=1S/C6H6S/c7-6-4-2-1-3-5-6/h1-5,7H",Sc1ccccc1,0.7438432904349529,0.0052444683349232414,0.8953785101484906
Toluene,0.8669,CH,"InChI=1S/C7H8/c1-7-5-3-2-4-6-7/h2-6H,1H3",Cc1ccccc1,0.6390720495755688,0.00325714137380512,0.7946096624315035
Trans-2-heptene,0.7034,CH,"InChI=1S/C7H14/c1-3-5-7-6-4-2/h3,5H,4,6-7H2,1-2H3/b5-3+",C/C=C/CCCC,0.6810482358025156,0.004233579847357593,0.8350402499308791
Trans-2-hexenal,0.848,Overall,"InChI=1S/C6H10O/c1-2-3-4-5-6-7/h4-6H,2-3H2,1H3/b5-4+",CCC/C=C/C=O,0.7097114198816087,0.017835311787629086,0.8668068013821605
Trans-2-octenal,0.846,Overall,"InChI=1S/C8H14O/c1-2-3-4-5-6-7-8-9/h6-8H,2-5H2,1H3/b7-6+",CCCCC/C=C/C=O,0.7031333717279649,0.014507253847089936,0.8594501438251292
Tribromomethane,2.89,Halogen,InChI=1S/CHBr3/c2-1(3)4/h1H,BrC(Br)Br,2.4940102373939443,0.006902599640594695,2.5685465124224214
Trichloroethylene,1.4556,Halogen,InChI=1S/C2HCl3/c3-1-2(4)5/h1H,ClC=C(Cl)Cl,1.1972909475600617,0.006592453500675627,1.329171919471871
Tricloromethane,1.4985,Halogen,InChI=1S/CHCl3/c2-1(3)4/h1H,ClC(Cl)Cl,1.3410422448206165,0.01384018142728297,1.468885304741516
Triethylamine,0.7229,N,"InChI=1S/C6H15N/c1-4-7(5-2)6-3/h4-6H2,1-3H3",CCN(CC)CC,0.7270893307569051,0.01440388148913133,0.8823116229030713
alfa-Methylstyrene,0.9077,CH,"InChI=1S/C9H10/c1-8(2)9-6-4-3-5-7-9/h3-7H,1H2,2H3",C=C(C)c1ccccc1,0.6375173760116079,0.0034807805000290873,0.7931957636101382
"cis-1,2-Dichloroethylene",1.291,Halogen,InChI=1S/C2H2Cl2/c3-1-2-4/h1-2H/b2-1-,Cl/C=C\Cl,1.114989290839494,0.004353492718957374,1.249796353995666
"cis-1,2-Dimethylcyclohexane",0.796,CH,"InChI=1S/C8H16/c1-7-5-3-4-6-8(7)2/h7-8H,3-6H2,1-2H3/t7-,8+",C[C@H]1CCCC[C@H]1C,0.6810482358025156,0.002743176036803967,0.834561064938656
m-Xylene,0.8642,CH,"InChI=1S/C8H10/c1-7-4-3-5-8(2)6-7/h3-6H,1-2H3",Cc1cccc(C)c1,0.6443190728539372,0.002795464050301403,0.7994758080895972
n-Butylbenzene,0.86,CH,"InChI=1S/C10H14/c1-2-3-7-10-8-5-4-6-9-10/h4-6,8-9H,2-3,7H2,1H3",CCCCc1ccccc1,0.651664905443653,0.003146137442895577,0.8066089679609748
n-Decane,0.7301,CH,"InChI=1S/C10H22/c1-3-5-7-9-10-8-6-4-2/h3-10H2,1-2H3",CCCCCCCCCC,0.6908426792554699,0.0031967712491480713,0.844067453444613
n-Heptane,0.6838,CH,"InChI=1S/C7H16/c1-3-5-7-6-4-2/h3-7H2,1-2H3",CCCCCCC,0.6950402978781646,0.0033490189551544543,0.8481280680739691
n-Heptylamine,0.777,N,"InChI=1S/C7H17N/c1-2-3-4-5-6-7-8/h2-8H2,1H3",CCCCCCCN,0.7211546425410599,0.015849607709332202,0.8771046607666386
n-Hexane,0.6603,CH,"InChI=1S/C6H14/c1-3-5-6-4-2/h3-6H2,1-2H3",CCCCCC,0.6973723082241061,0.0034336030280631524,0.8503839657378115
n-Hexylbenzene,0.861,CH,"InChI=1S/C12H18/c1-2-3-4-6-9-12-10-7-5-8-11-12/h5,7-8,10-11H,2-4,6,9H2,1H3",CCCCCCc1ccccc1,0.6565621271701301,0.003095761681126467,0.8112730472256386
n-Nonane,0.7176,CH,"InChI=1S/C9H20/c1-3-5-7-9-8-6-4-2/h3-9H2,1-2H3",CCCCCCCCC,0.6919309507502426,0.003236242861845111,0.8451202053808031
n-Octane,0.7036,CH,"InChI=1S/C8H18/c1-3-5-7-8-6-4-2/h3-8H2,1-2H3",CCCCCCCC,0.6932912901187085,0.0032855823787416223,0.8464361453013707
n-Pentane,0.626,CH,"InChI=1S/C5H12/c1-3-5-4-2/h3-5H2,1-2H3",CCCCC,0.7006371227084242,0.0035520680828031656,0.8535422376917144
n-Pentylamine,0.7614,N,"InChI=1S/C5H13N/c1-2-3-4-5-6/h2-6H2,1H3",CCCCCN,0.7350854034006887,0.020185437559810577,0.8918123195882369
n-Pentylbenzene,0.86,CH,"InChI=1S/C11H16/c1-2-3-5-8-11-9-6-4-7-10-11/h4,6-7,9-10H,2-3,5,8H2,1H3",CCCCCc1ccccc1,0.6543361172944586,0.0031188456208998436,0.8091530709547579
n-Pentylcyclopentane,0.7912,CH,"InChI=1S/C10H20/c1-2-3-4-7-10-8-5-6-9-10/h10H,2-9H2,1H3",CCCCCC1CCCC1,0.6810482358025157,0.0028089157876407165,0.8345822011580958
n-Propyl butanoate,0.879,Overall,"InChI=1S/C7H14O2/c1-3-5-7(8)9-6-4-2/h3-6H2,1-2H3",CCCOC(=O)CCC,0.7499511538583816,0.04384935224373617,0.9136277889584732
n-Propyl propanoate,0.873,Overall,"InChI=1S/C6H12O2/c1-3-5-8-6(7)4-2/h3-5H2,1-2H3",CCCOC(=O)CC,0.7592252648020853,0.04887337024587962,0.9241063483552013
n-Propylcyclopentane,0.7763,Overall,"InChI=1S/C8H16/c1-2-5-8-6-3-4-7-8/h8H,2-7H2,1H3",CCCC1CCCC1,0.6810482358025156,0.002800331010349887,0.8345794410360333
n-butanethiol,0.858,S,"InChI=1S/C4H10S/c1-2-3-4-5/h5H,2-4H2,1H3",CCCCS,0.8435854123229178,0.008320434518433228,0.9916910401299085
n-propanethiol,0.8357,S,"InChI=1S/C3H8S/c1-2-3-4/h4H,2-3H2,1H3",CCCS,0.8824043879801408,0.009671023466776306,1.029224575315909
o-Cresol,1.0465,O,"InChI=1S/C7H8O/c1-6-4-2-3-5-7(6)8/h2-5,8H,1H3",Cc1ccccc1O,0.6806047574657826,0.035473946356040266,0.8446606181543795
o-Toluidine,1.004,N,"InChI=1S/C7H9N/c1-6-4-2-3-5-7(6)8/h2-5H,8H2,1H3",Cc1ccccc1N,0.6706545680327591,0.021806293069770912,0.8307568847106582
o-Xylene,0.8802,CH,"InChI=1S/C8H10/c1-7-5-3-4-6-8(7)2/h3-6H,1-2H3",Cc1ccccc1C,0.6443190728539372,0.00280380702558644,0.7994784904690427
p-Cresol,1.0347,O,"InChI=1S/C7H8O/c1-6-2-4-7(8)5-3-6/h2-5,8H,1H3",Cc1ccc(O)cc1,0.6806047574657826,0.03530465057649033,0.844606187270459
p-Toluidine,1.046,N,"InChI=1S/C7H9N/c1-6-2-4-7(8)5-3-6/h2-5H,8H2,1H3",Cc1ccc(N)cc1,0.6706545680327591,0.021717419682069236,0.8307283107139379
p-Xylene,0.861,CH,"InChI=1S/C8H10/c1-7-3-5-8(2)6-4-7/h3-6H,1-2H3",Cc1ccc(C)cc1,0.6443190728539372,0.0027928454181366524,0.7994749661639227
sec-Butyl benzene,0.821,CH,"InChI=1S/C10H14/c1-3-9(2)10-7-5-4-6-8-10/h4-9H,3H2,1-2H3",CCC(C)c1ccccc1,0.651664905443653,0.0030947012165215846,0.8065924305181955
tert-Butylbenzene,0.867,CH,"InChI=1S/C10H14/c1-10(2,3)9-7-5-4-6-8-9/h4-8H,1-3H3",CC(C)(C)c1ccccc1,0.651664905443653,0.002983017091004311,0.8065565225606082
"trans-1,4-Dimethylcyclohexane",0.773,CH,"InChI=1S/C8H16/c1-7-3-5-8(2)6-4-7/h7-8H,3-6H2,1-2H3",CC1CCC(C)CC1,0.6810482358025156,0.002739568488524409,0.8345599050630693
"1,2,3,4,5-Pentamethylcyclopentadiene",0.844,Overall,"InChI=1S/C10H16/c1-6-7(2)9(4)10(5)8(6)3/h6H,1-5H3",CC1=C(C)C(C)C(C)=C1C,0.6614593488966072,0.0022549960573270823,0.8156830054546421
"1,2-Pentanediol",0.971,Overall,"InChI=1S/C5H12O2/c1-2-3-5(7)4-6/h5-7H,2-4H2,1H3",CCCC(O)CO,0.7866175617713013,0.04659069423167218,0.9495512606547437
"1,7-Dibromoheptane",1.5306,Halogen,InChI=1S/C7H14Br2/c8-6-4-2-1-3-5-7-9/h1-7H2,BrCCCCCCCBr,1.298557733417425,0.0032648400488032494,1.424882733602867
1-Butanethiol,0.8416,S,"InChI=1S/C4H10S/c1-2-3-4-5/h5H,2-4H2,1H3",CCCCS,0.8435854123229178,0.008320434518433228,0.9916910401299085
1-Heptene,0.697,CH,"InChI=1S/C7H14/c1-3-5-7-6-4-2/h3H,1,4-7H2,2H3",C=CCCCCC,0.6810482358025156,0.0047207711969283654,0.8351968885421079
"2,3-Dibromoheptane",1.5139,Halogen,"InChI=1S/C7H14Br2/c1-3-4-5-7(9)6(2)8/h6-7H,3-5H2,1-2H3",CCCCC(Br)C(C)Br,1.298557733417425,0.0034669551042544808,1.4249477163280782
"2,6-Dibromotoluene",1.812,Halogen,"InChI=1S/C7H6Br2/c1-5-6(8)3-2-4-7(5)9/h2-4H,1H3",Cc1c(Br)cccc1Br,1.2576516722778983,0.001787568875145038,1.3853138403670593
2-Bromohexane,1.1658,Halogen,"InChI=1S/C6H13Br/c1-3-4-5-6(2)7/h6H,3-5H2,1-2H3",CCCCC(C)Br,1.0934743263436757,0.0032509749361607104,1.2288800238688784
2-Chlorohexane,0.8694,Halogen,"InChI=1S/C6H13Cl/c1-3-4-5-6(2)7/h6H,3-5H2,1-2H3",CCCCC(C)Cl,0.8228156982499338,0.004291877197872341,0.9705461846721847
3-Bromohexane,1.1799,Halogen,"InChI=1S/C6H13Br/c1-3-5-6(7)4-2/h6H,3-5H2,1-2H3",CCCC(Br)CC,1.0934743263436757,0.003307138842550381,1.2288980813247545
3-Chlorohexane,0.8684,Halogen,"InChI=1S/C6H13Cl/c1-3-5-6(7)4-2/h6H,3-5H2,1-2H3",CCCC(Cl)CC,0.8228156982499338,0.004362979114399423,0.9705690449004509
4-Decanol,0.8261,O,"InChI=1S/C10H22O/c1-3-5-6-7-9-10(11)8-4-2/h10-11H,3-9H2,1-2H3",CCCCCCC(O)CCC,0.7172930956508936,0.01652763071524345,0.8736321732257749
4-Decanone,0.824,Overall,"InChI=1S/C10H20O/c1-3-5-6-7-9-10(11)8-4-2/h3-9H2,1-2H3",CCCCCCC(=O)CCC,0.7081520531007661,0.011756610799374333,0.8633621296267289
"Benzeneacetic acid, ethyl ester",1.0333,Overall,"InChI=1S/C10H12O2/c1-2-12-10(11)8-9-6-4-3-5-7-9/h3-7H,2,8H2,1H3",CCOC(=O)Cc1ccccc1,0.6975882902344259,0.034149875273095515,0.8604660769454304
Benzenemethanethiol,1.068,S,"InChI=1S/C7H8S/c8-6-7-4-2-1-3-5-7/h1-5,8H,6H2",SCc1ccccc1,0.7361732483344342,0.0063133735412708135,0.8883919169130953
n-Propyl benzoate,1.023,Overall,"InChI=1S/C10H12O2/c1-2-8-12-10(11)9-6-4-3-5-7-9/h3-7H,2,8H2,1H3",CCCOC(=O)c1ccccc1,0.6975882902344259,0.035027865658073094,0.8607483627345691
4-ethyl-Benzoyl chloride,1.1686,Halogen,"InChI=1S/C9H9ClO/c1-2-7-3-5-8(6-4-7)9(10)11/h3-6H,2H2,1H3",CCc1ccc(C(=O)Cl)cc1,0.7556334813390316,0.014617416611499458,0.9096599275812931
Benzoyl iodide,1.746,Halogen,InChI=1S/C7H5IO/c8-7(9)6-4-2-1-3-5-6/h1-5H,O=C(I)c1ccccc1,1.2156630624498401,0.016250340917746405,1.3498352947235253
1-ethoxy-Butane,0.7495,Overall,"InChI=1S/C6H14O/c1-3-5-6-7-4-2/h3-6H2,1-2H3",CCCCOCC,0.7388841272125299,0.022799824224434724,0.8962833213606863
butyl ethyl sulfide,0.8376,S,"InChI=1S/C6H14S/c1-3-5-6-7-4-2/h3-6H2,1-2H3",CCCCSCC,0.7983548743311458,0.005563775936655891,0.9475779031642444
Butyl benzoate,1.0,Overall,"InChI=1S/C11H14O2/c1-2-3-9-13-11(12)10-7-5-4-6-8-10/h4-8H,2-3,9H2,1H3",CCCCOC(=O)c1ccccc1,0.696257591192187,0.032574263151960554,0.8586877469956414
methylCyclobutane,0.6884,CH,"InChI=1S/C5H10/c1-5-3-2-4-5/h5H,2-4H2,1H3",CC1CCC1,0.6810482358025157,0.0027594162599553374,0.834566286390151
"1,2-diiodoethane",3.0625,Halogen,InChI=1S/C2H4I2/c3-1-2-4/h1-2H2,ICCI,2.6788662233659344,0.0036953552834015522,2.7441822416062966
methylthioethane,0.8422,S,"InChI=1S/C3H8S/c1-3-4-2/h3H2,1-2H3",CCSC,0.8824043879801408,0.0077646796758184915,1.0286116599917694
2-ethylthioethanol,1.0166,Overall,"InChI=1S/C4H10OS/c1-2-6-4-3-5/h5H,2-4H2,1H3",CCSCCO,0.8731067344905848,0.031373519658837036,1.0273164522619824
Heptane,0.6837,CH,"InChI=1S/C7H16/c1-3-5-7-6-4-2/h3-7H2,1-2H3",CCCCCCC,0.6950402978781646,0.0033490189551544543,0.8481280680739691
"2,6-dimethylheptane",0.7089,CH,"InChI=1S/C9H20/c1-8(2)6-5-7-9(3)4/h8-9H,5-7H2,1-4H3",CC(C)CCCC(C)C,0.6919309507502426,0.003132183440219474,0.8450867488686893
Heptanoic acid,0.9181,Overall,"InChI=1S/C7H14O2/c1-2-3-4-5-6-7(8)9/h2-6H2,1H3,(H,8,9)",CCCCCCC(=O)O,0.7499511538583816,0.04489002459404498,0.9139623792007675
ethyl heptanoate,0.8817,Overall,"InChI=1S/C9H18O2/c1-3-5-6-7-8-9(10)11-4-2/h3-8H2,1-2H3",CCCCCCC(=O)OCC,0.7367381965274834,0.03633725601415852,0.8985849224885326
Hexane,0.6548,CH,"InChI=1S/C6H14/c1-3-5-6-4-2/h3-6H2,1-2H3",CCCCCC,0.6973723082241061,0.0034336030280631524,0.8503839657378115
1-ethoxyHexane,0.7722,Overall,"InChI=1S/C8H18O/c1-3-5-6-7-8-9-4-2/h3-8H2,1-2H3",CCCCCCOCC,0.7256110980314667,0.018367838982680223,0.882173341572444
dibromodinitromethane,2.4439,Halogen,"InChI=1S/CBr2N2O4/c2-1(3,4(6)7)5(8)9",O=[N+]([O-])C(Br)(Br)[N+](=O)[O-],1.5997835189636815,0.070592119807736,1.7344109067362345
"1,2,2,6,6-Pentamethylpiperidine",0.859,N,"InChI=1S/C10H21N/c1-9(2)7-6-8-10(3,4)11(9)5/h6-8H2,1-5H3",CN1C(C)(C)CCCC1(C)C,0.700866076456491,0.009278284750782198,0.8556021049751656
1-ethoxyPentane,0.7622,Overall,"InChI=1S/C7H16O/c1-3-5-6-7-8-4-2/h3-7H2,1-2H3",CCCCCOCC,0.7313873809425069,0.02030836862794945,0.888317642809613
1-methoxyPentane,0.759,Overall,"InChI=1S/C6H14O/c1-3-4-5-6-7-2/h3-6H2,1-2H3",CCCCCOC,0.7388841272125299,0.023187692978956526,0.8964080264136411
"3,3-diethylPentane",0.7536,CH,"InChI=1S/C9H20/c1-5-9(6-2,7-3)8-4/h5-8H2,1-4H3",CCC(CC)(CC)CC,0.6919309507502426,0.0031077351553742516,0.8450788884142939
3-ethylPentane,0.6982,CH,"InChI=1S/C7H16/c1-4-7(5-2)6-3/h7H,4-6H2,1-3H3",CCC(CC)CC,0.6950402978781646,0.0032909302022782294,0.8481093917539019
Piperidine,0.8606,N,"InChI=1S/C5H11N/c1-2-4-6-5-3-1/h6H,1-5H2",C1CCNCC1,0.7180751473603322,0.01770958487158033,0.874759594450812
"1,1-diethoxyPropane",0.8232,Overall,"InChI=1S/C7H16O2/c1-4-7(8-5-2)9-6-3/h7H,4-6H2,1-3H3",CCOC(CC)OCC,0.7615702645328266,0.031697747484916286,0.9208252699261535
